id,text,label
1,牛逼啊，这是我见过断肢血腥类道具最假的片子，剧情也烂得一批,0
2,什么跟什么啊。。。这破剧情 这破翻译！！,0
3,就看了南笙的一段，但为啥把台湾的模式强加在内地？怪怪的。,0
4,其实也不是说差，主要没看过这种风格，不太习惯,0
5,看到一半多就不想看了····只怪话题太沉重，我内心太幼小,0
6,最讨厌配音的电视电影了，特别是港剧，还是原汁原味的爽。王晶的电影越来越在秀水平下限了。,0
7,批判的东西太多，看的不知道它到底要讲啥？社会的黑暗，金钱至上，艾滋病的可怜，太乱太杂了,0
8,带头大哥丹泽尔华盛顿忽悠了几位莫名其妙的亡命徒帮他复仇的故事……这个版本比起60版提鞋都不配。差评！,0
9,跟大眼的小说一样，比较生硬夸张，自嗨严重,0
10,滤镜挺好，包贝尔演得不算差吧。很难放下对包贝尔的成见客观看待这部电影。,0
11,故事略狗血俗套，人物的矛盾设计也颇不合情理，唯独原声好好听！,0
12,这么中二的故事就让它存在于文学和漫画就好。白富美身材真好！亮亮也是不容易。总之大家都不容易。,0
13,..............为毛石像鬼竟然是天使啊,0
14,小时候看不懂还以为是我鉴赏能力有问题，原来就是烂,0
15,看完此片我严重怀疑我的智商……这么无聊的片子到底是要干吗……,0
16,明知烂而专登搵嚟睇 | 睇到后面都要靠拉进度条了,0
17,。最美地方 不是去过的地方 而是身边；不正常的未必是不合适的；把照片放冰箱里。,0
18,恋爱中的男孩总是会莫名其妙的花冤枉钱去看这种莫名其妙的电影的,0
19,周润发越来越接近黄晓明。王晶挑外围女的眼光一直都不赖,0
20,一开始就注定悲剧的狗血剧。比第二部好很多很多，但是依旧是一部失败的电影。,0
21,为了莉的颜，颜狗用爱发电，什么狗屎电影，硬啃啃完……,0
22,我对该剧组的化妆师觉得很好奇。一定要那么厚的粉？那么不自然的腮红？明明有些场景很漂亮。苦了那小花店~,0
23,被央视点名批评粗俗暴力的动画片为什么每年还能大张旗鼓的登陆国内院线 把领导的话当放屁了么,0
24,我一点儿没看出来她的智谋 全部的事情只有华星汉去布置而已 她只负责享受成果,0
25,对于看过恐怖游轮的我来说。。。就无悬念了。而且不讲粤语。。好奇怪,0
26,没什么可解释的。豆瓣上综合评分2.6解释了一切。,0
27,可以说很无聊了，节奏太拖拉了。而且没有想到那么早期就有这么丧的电影。弁士的配音还是很出戏的。。,0
28,刚开场以为是科幻片，看到一半发现时喜剧片，结尾恍然大悟，原来这是海飞丝宣传片！,0
29,乔黑拍的咩，只是片子看了两周了，我几乎无法说出其中的某段情节。。。,0
30,我想我的欣赏水平实在有限，，，一部电影就两个人在这说话还不如去看脱口秀。,0
31,只有行动，没有动机。不给钱的情况下杀这么多人，你是杀手集团做活动吗？,0
32,被这部电影的人生观、世界观和变态观折服。。。青霞姐姐还是很漂亮的～,0
33,此團伙已被商業二字坑得萬劫不復。我承認我今天真的是閒的。,0
34,动物园探险记？好像看到动物也不多！真是前所未有看到的最烂的片。还是个大场，满场。唉。,0
35,前面还真不错 越到后面越没有重点 就不行了 开始乱闹了。,0
36,片子比较长，很多前戏并没有意义，高潮部分让人不明就里。,0
37,虽然片子口碑不怎么样，但可能是觉得自己回不去了，看到电影中疯狂的他们，觉得很羡慕。,0
38,美国网红成名记。奥布里·皮普尔斯真的好美！这才是真正的网红脸啊！,0
39,第一次看印尼的电影，还是冲着苍老师去的。至于片子本身，不提也罢,0
40,小时候看过的 快忘了.....只记得内女的一直跳一直勾引....,0
41,两星半；成龙的滑稽样板戏，有几个用大摇臂交待环境的镜头尚可，打斗戏比他好的作品要弱不少,0
42,个人拒斥该片以及跟此片有关系的参考片。牛逼就牛逼吧，不是一路人。,0
43,个人对这种唠唠叨叨的嘻哈、口水、话唠剧厌恶，吵吵闹闹的头都快裂了。,0
44,故事说了一半不到，演员演了一半不到，搞毛。裘德洛哈哈哈哈逃得了岁月喵。,0
45,把猩猩换成任何一个相对落后的民族、部落、国家都行,0
46,小学时候觉得可好看了呢！【600就给了这部电影我擦】,0
47,原来长江7号是从这里出来的啊，不过也太恶搞了点吧，小鱼儿居然和花无缺结婚了～～～～～,0
48,情节拖沓冗长 爱情发生的太突兀 结局很奇怪,0
49,輕小說版本都已經是垃圾了，電影版又能好到哪去？台片沒救...,0
50,完全是政治宣傳，也拍不出原作的嬉笑怒罵。,0
51,我竟然看过这部电影，啊哈哈哈哈哈，烂到无可救药，我已然无力吐槽了！,0
52,零分不能更多了。浪费两小时看了一群高颜值无病呻吟。,0
53,"我还真不知道就这么见了两次面,就确定是爱了",0
54,高超的表演和藝指和配樂。如果能有一絲高潮多好。,0
55,生活环境非常像我小时候 但是全片过于松散 无法体会到到底想表达什么,0
56,男主和女主的感情发展得太不寻常了。很多剧情都莫名其妙。,0
57,为什么要给小王子安排结局。无语。降低了小王子的格调,0
58,又是真实改编逃生电影。看多了总觉得没什么意思了。,0
59,能欣赏这片子的当是艺术细菌很丰盛的人，什么生命力啦，什么隐喻啦，我不行，我只看到“神经病”···,0
60,刘德华那会儿还是小崽儿，陈慧敏好容易导演一次还不拼命美化自己啊,0
61,"连看三部大姨妈片,心情抑郁的时候需要这样的爆米花能量！主角丑，剧情烂…可是，好适合现在的心情",0
62,也许是我不懂浪漫，可是看到男猪脚一副懵懂的深情样就觉得丫好欠揍啊,0
63,这片儿就像三眼怪的那一身鼻涕一样，欧麦嘎！,0
64,开场第一个镜头就奠定了烂片气质，跟拍桂纶镁一张了无生趣的脸好几分钟，不知道的还以为是蔡明亮的艺术片。,0
65,女主角长得太像阿娇了 男主演技很一般。。。剧情很狗血,0
66,开篇还是蛮吸引人的，但剧情铺太开了，收不回来，后面一地硬伤。,0
67,真是没有最难看只有更难看，这也叫电影？还有金头发的女的你这么丑还出来吓人，我也是醉了,0
68,最糙最滥最糟蹋“残酷青春”这四个字的电影。,0
69,韩国全国都是棋神最后还是被中国萝莉打败了···,0
70,真无聊，只记得尖叫，恐怖片非恐怖，116分钟,0
71,我第一次，看电影。开始，不包场。到中间，包场了。,0
72,怪侠里的马天宇和这个一比 进步神速啊。。慢慢来 小子,0
73,国际章第一部电影～17岁也可以一点都不土的噢,0
74,不公平地讲 我就是不喜欢。电影里只批判制度，只批判不公平，人物脸谱化，没有人性。,0
75,不用看就知道很傻逼。。。广电总局能为小朋友的未来想想么，非要审美异常都教成弱智么。。。,0
76,看在子华老师的份上 给个两星大家高兴一下,0
77,影响了之后的很多版西游记，我敢打赌杨洁拍86央视版之前仔细研习过邵氏的这套。,0
78,硬笑的感觉，功夫+食神的网大版。。只学到了周星驰的形式没学到人家的魂儿，还是歇了吧,0
79,谁说看了就不想养猫了？我看完就更想养猫了...多有灵性啊,0
80,解放自由性革命——二逼青年与学运的故事。看腻了这个调调的欧洲片儿。,0
81,整部电影简直就是神经病啊！剧情太弱智了。,0
82,的确很烂，田壮壮黔驴技穷了，怀念《蓝风筝》！,0
83,这种荒诞又浪漫的怪奇片也就法国人能拍出来了吧……,0
84,三观不正，再怎么套小清新的外壳都是没用的,0
85,第一次看美国甜心的片子不是跳着看完的，但是这质量还不如那跳着看完的。((‵□′)) ,0
86,《讨厌的女人》 （2017.4.10） 3,0
87,实在觉得无聊，那几个砍手指的段子还行，要不是金城武真是看不下去了。,0
88,说实在比人在囧途和泰囧差远了，全程无笑点无尿点，很无聊来着，包贝尔的演技以及人物看着都很尴尬,0
89,选剧本之前敢不敢先补补脑，朱时茂大叔你是肿么了。,0
90,拍战争三部曲的跟举起手来的一定不是一个冯小宁！,0
91,没钱就别学别人拍片！什么鬼！！！#烂片总是惊人的相似#,0
92,真丑  要悬念很悬念  我能看到结局真是强大,0
93,ったく、いい歳なのにこんな恋愛映画見てどうすんの。,0
94,小朋友那一小段真是纯真啊，音乐也很好，青春彷徨那段真是呛人啊,0
95,"都说了好电影不要拍续集, 不要为了赚钱毁了传奇...",0
96,乏味得有点过份，全是套路，看了一半去按摩了。,0
97,或许我口味叼，这和《勇士》不是一个级别的的，不是考虑彭于晏在《寒战》中表现还不错我是不会看这片的。,0
98,我以为要更好玩一些，男主双下巴可爱，英文口音好听，女主演得还行吧，说话声音好温柔，透着一股皇家气息,0
99,这个也太假了吧，唯一的亮点是色即是空的男猪脚……,0
100,爱情一旦变了就是变了，花瓶碎了再精湛的技艺也粘不回原样,0
101,其实导演是用心的，只是一个影视专业的教授，学院派的老师完全没有把这个故事给我用镜头表达出来,0
102,和 【我唾弃你的坟墓3】极度相似， 女主眼睛挺有特点的确实像个天使。,0
103,按照套路不是应该祖贤和敏敏在一起吗？那个泡面头来干啥的!神烦,0
104,女狼人最后有点恐怖，画面挺美的。一直觉得里面的女警官很美原来是莉芙泰勒。,0
105,沒有任何人性元素，凸顯了導演人文意識和藝術修養的匱乏 ,0
106,有些沉闷，某一段让我觉得像变态杀手的节奏，没什么能吸引人把它看完,0
107,这一部就是传说中轰动全美的青春喜剧，同时也是80年代全美总票房第一。,0
108,比起我对它的期待，它的呈现就成了个不能回头的噩梦。开头一段莫名其妙，最后又咋呼，简直了一出大戏。,0
109,我只记得我看过，但不记得讲了些什么。。。,0
110,恶搞电影自惊声叫笑系列之后便死无葬身之地,0
111,应该只在网络播放吧，要真的是院线还不得亏死？小白的四川普通话还蛮萌的~~桥段不好笑，只是恶俗又冷,0
112,国产的恐怖片果然是一点都不好看，最后都是不可能有鬼的,0
113,贝松大叔你一旦下决心要商业起来，还真是商业得让人发指啊，连一部完整的电影都不让各位童鞋们好好看。,0
114,投名状告诉我们兄弟是靠不住的，妃子笑告诉我们姐妹是靠不住的。,0
115,本来是个不错的题材。可是就是被拍成这个恶心的样子了。,0
116,有一段配乐，突兀而又没道理，和整部影片的节奏感觉完全不搭调···,0
117,生命如草芥！特别是弱势群体，古今都如此！,0
118,他有了风火轮 他也有了风火轮 大家都有了风火轮,0
119,自从一流警察从楼上跳下来，这片子就一团糟,0
120,一眼看去还以为是#无极#呢。原来不是啊。。。垃圾电影到了一定程度就无语了。。。。,0
121,孩子们总是想不费吹灰之力的长大 尝试错误 长大 真的长大了最想抹去的也就是那个错误,0
122,额额，叫兽也就弄弄搞笑电影的水平，真刀真枪神马的不是你的菜。。。。。,0
123,爱情片包装的伪情色电影，男女主角欲脱不脱，男女配角为了脱而脱。。。,0
124,恶搞了不少电影，可惜被恶搞的那些原片大多是些恶俗片,0
125,黑色幽默/冷幽默到我看不懂。。。不是他的错，不是一个世界的。。。,0
126,普通的犯罪片，揭示犯罪生态的程度属于点到为止,0
127,段子低俗而且还不好笑，演员演技太过浮夸，纯粹卖肉的,0
128,泰国鬼片也越做越烂了 虐杀不像虐杀片 鬼片不像鬼片 各种牵强各种假各种智商拙计。。。。,0
129,发现这片儿是俞飞鸿自编自导的之后，我就释然了,0
130,劳资抱恙，家里动作烂片就满天飞，也是热闹。,0
131,太差劲了，我一开始还以为是冰雪奇缘的续集，原来不是,0
132,要看活死人黎明的，结果误下了这部无厘头烂片。,0
133,最崩溃的是，昴星出场不到两分钟就双双挂了啊啊啊啊啊！！！,0
134,史蒂芬席格真的也有些年歲了，拍的片子都大同小異，連身手也沒那俐落了。,0
135,典型的韩国商业片，剧情老套，而且对电影的价值观不认同。,0
136,妈了个逼的的公司研究海外题材影视剧把这个任务摊给我了,0
137,太过于假，有些片段还映射出中国现在的房地产。配乐超差，除了鼓掌那一段。,0
138,5分电影  不是很好笑 笑点也没什么内涵   比较失望 只是一部普通的喜剧片,0
139,我遙又被“日本女性”代表了，然后被“牺牲”了。,0
140,我瞎了。什么烂片。矫情。好吧，我过了装逼的年纪了。,0
141,本片集合了深作跟黑泽两个人的缺点。编剧惺惺作态，导演虚情假意，演员在做闹剧,0
142,我觉得太粗糙了，甚至有些同时期的港产老恐怖拍得比这更好啊。,0
143,全程没有字幕好不习惯啊，弄个外国演员也很奇怪啊,0
144,姐就是爲了刷一星才來看這麼無聊的電影好嗎,0
145,觉得很平淡，在背景为导演是希区柯克的情况下。,0
146,这样的电影看多了，你会觉得天朝的电影真心是良心之作,0
147,笑点并不搞笑 有点儿强行鸡汤的感觉 剧情设置也多有不合理之处,0
148,和1 比起来..多了些人..就闹腾太多了...穿插爱情....亲情.....晕,0
149,集七烂梗可以召唤出来一部《致我们终将到来的爱情》,0
150,黄璐的演技是怎么吹出来的？成功打消去再看一次大导的《等待戈多》的念头。,0
151,日本人对待战争的价值观很奇葩，他们不是爱好和平，而是害怕战败。,0
152,这也算得上炼狱？北欧人民还真是舒服惯了。,0
153,搞笑的好生硬，梗都好老，画风甚至有种乡村爱情即视感，看得人尴尬症都犯了,0
154,定位系统那么差劲吗，应该在通卫星电话的时候就查到了，狙击手没有好好发挥作用，5分的电影，,0
155,很少给二星，真的很烂！故事情节乱来也就算了，煽情部分也很假，哎。,0
156,当时的宣传铺天盖地，真不明白官方为什么大肆鼓吹这样的作品，可能是为了反文革吧。,0
157,开局没几分钟被人强制关掉：“两个二逼@&#×…”,0
158,ʕ•̫͡•ʕ*̫͡*ʕ•͓͡•ʔ-̫͡-ʕ•̫͡•ʔ*̫͡*ʔ-̫͡-ʔ，都什么乱七八糟的。,0
159,灭托冲锋队！！！！！！！！！！！！！！！,0
160,一群烂演员把山寨好莱坞的片子演砸了，看完了一直不明白导演想反映什么,0
161,国语版真是受罪啊，大部分时间都是日本仔和女孩的对话，不如2来的欢乐。另外那结局是怎么回事？,0
162,又一部流水账电影，真不明白为什么那么多人喜欢女主角,0
163,再深的感情，也抵不过缘分的交错。爱情题材是好拍，台词各种段子。,0
164,那个电脑女好看点。杀手不太冷的主角怎么这么胖了！,0
165,看点只有美女啊~几个梗反复使用，但笑果真的一般般~,0
166,我第一反应  这电影是拍来洗钱的吧。韩国黑道这么多。。。,0
167,当时的人们觉得如何，我不知道。但现在的我真的欣赏不了。,0
168,我晕啊，什么和什么啊~这是给哪个年龄段看的呀。。,0
169,主演行头翻了不少，井柏然饰演的富二代很可爱。,0
170,我只想知道，浅野忠信是怎么混进斯堪的纳维亚人的神界里去的？,0
171,看了一下评论，可能原著没有这么烂。。。这个剧情好牵强啊,0
172,能简单解决的事非要复杂化，这样的人还能当黑帮头子？,0
173,邓家佳还是好好演爱情公寓吧 小身材还不错 不过和1中的杨幂比差点~~,0
174,失败的翻拍之作，玛丽莲梦露的原版《热情似火》好看多了，不过梅艳芳的客串是亮点！,0
175,希拉里的片子可以永远保持这么白痴般的年轻吗？,0
176,华语恐怖片里连个养眼的妹子都没有，最后还一个人没死，差评,0
177,嘛叫烂片，这就是。。。浪费时间，浪费钱，糟蹋演员，也折磨观众。。。,0
178,史诗什么的被好莱坞盯上一般都是稳遭毒手，一颓到底的。,0
179,阿尔帕西诺怎么也拍这么差的片子啊？！情节太狗血实在是贬低观众的智商啊！！！！！！！！！！,0
180,两个锥子脸的玛丽苏爱情剧。看他们接吻心惊胆战的，生怕互相戳死。。黄立行果然是标配。。。,0
181,优介这么好，你为什么不要？？？真的 这个编剧给差评。,0
182,一个星都不想给。。实在有兴趣的同学可以试着尝试,0
183,不要再对国产低配置电影抱有希望了。不要再知道是屎还想闻闻多臭了。,0
184,弱鸡剧情及设定。唯一收获看到叔的演技了。,0
185,吉尔伯特的余生伴随着那幅女主骑在马背上的画像度过……想想都悲催。完全无法理解剧中的三观！,0
186,本人和他演的片子的幽默感觉不太像，现实反差很大。各种荤段子不好笑啊，文化差异吧。,0
187,快进看完，科幻总要有点科幻片味道啊，本片全向人文靠啊,0
188,掰手腕这件事真的不是拳击或是摔跤能撑两个小时呢。故事太水了，大叔约个人撑得太不容易了。,0
189,从绝无神死掉之后，我就坐立不安直想走，但是居然还有一大半！,0
190,字幕表一出，观众们便迫不及待地起身离场，一如坦桑尼亚的塞伦盖蒂大草原上，追随着雨季进行大迁徙的角马。,0
191,主角光环大到飞起。有勇无谋，最后还不是被阿富汗人救啦。,0
192,居然连吻戏都没有！不过青梅竹马的爱情还是印象深刻！还有男主变身那猥琐至极的屌丝范儿！,0
193,何润东神马的我妈要看的。。看完之后觉得真是极度无聊！纯属上来吐个槽,0
194,叙事主线不清晰，人物性格的刻画也简单粗糙了点。,0
195,是国内今年初最好的，但拍得不好，在学科恩兄弟，节奏剪辑上也有不少需要改进的地方,0
196,这根本就算不得恐怖片，看在第三个故事的份儿上多给一颗星吧,0
197,这剧情的牵强和白痴的程度实在是绝了   ,0
198,妈妈专业户演得很用力，编剧乱七八糟，烂片一部，鉴定完毕,0
199,要不是看在我的第一部午夜场，一颗星也不给！,0
200,其实只係嚟睇子华神，不过套戏真係令人无语……,0
201,非常无聊，一点都不好看，完全没有笑点。几个男女演员都很丑。崔成国也老了。,0
202,电影所要表达的观点我不能认同，金钱社会，其他都是浮云,0
203,谢霆锋 陈奕迅 张智霖 林心如 不評但我在戲院看的,0
204,有乱伦来降低师生恋的不堪，看完后，果真是三观尽失。类似的情况，男主像英雄，儿媳像婊子。什么狗屁片子,0
205,冲着王婷来的，不过话又说回来，兄弟是一起喝酒吃肉一起担当的,0
206,爱情重要吗？不重要吗？你要吗？能要吗？要得起吗？,0
207,千万别浪费时间看这部吸毒张给他包养的小丫磨的豆渣！！,0
208,？？？明明养豪猪的妹子可爱好看多了？？？我还一直以为做作又抓马的爱情只在好看的人中间发生呢？！,0
209,花了两个小时讲了个预告片的内容不过考虑到是三部曲可以理解不过我是不会找剩下那两部曲来看的。,0
210,没多大的意思。肤浅的主题，拖沓的节奏，懒散的结构。,0
211,多线索、非线性叙事都快被玩烂了！庸常、无聊。这种网大质感的片子，就不要进影院骗钱了。,0
212,剧情吵闹无聊，除了技术当时看牛逼，罗杰他老婆好看以外，没别的了,0
213,就一堆煞笔～一堆富二代脑残～还装残酷青春～一堆有钱煞笔的过家家,0
214,看都看不完，实在不知道拍的意义是什么。。。。,0
215,王力宏很帅，这不太像是一部电影，像童话故事或者别的什么,0
216,胡搞搞得 建立一个世界就要有一套体系 而不是随便套个乱七八糟的模式,0
217,古天乐大帅哥怎么变橘色了…可以不给星吗？好吧，一颗给自己，中途没有退场。。。,0
218,某人不说暗话，五分钟内我要知道在哪里可以买到木屋里唱歌的那条鱼。,0
219,为了悬疑牺牲情色，偏偏又不懂悬疑叙事【4】,0
220,感觉这不像德尼罗主演像是客串 真的没啥内容没啥形式做个样子。,0
221,一句话：难看到家了！！唯唯诺诺的讲，实在胆小鬼，那么何必要拍呢！！,0
222,原著浓浓的迷幻感，硬是拍出了土鳖气。（应该找加斯帕·诺来拍）,0
223,德国人真的是这样搞笑的么 还有 他们长的真不好看！！,0
224,我对国产片是次次明知失望，都还忍不住看，然后还是次次失望。这种感觉这么类似呢,0
225,在伦敦看着宣传火爆就看了。没有看过电视剧，没有情怀吧。所以一般。,0
226,四郎？四郎？四郎是你吗？你回来了？四郎你怎么不叫朕嬛嬛了？,0
227,利晴天如果不是本色出演的话也太精彩了吧。,0
228,不建议看。没剧情，吓人手段老套到让人发困。基本上看了前一个镜头就能猜到接下来的桥段。,0
229,美国又一部欺负全世界人民智商的电影，有种编到结尾编不下去便开始拼凑镜头的嫌疑。,0
230,题材是猎奇的，手法是拙劣的。导演极速的拼凑所谓的感人元素，忘了支撑人物，忘了推进故事。总之，很差。,0
231,没笑出来，浮夸风也是一种风格的话，这可以五星了,0
232,"蛋疼的翻译,那年代想出这样的题材也不容易..但是都花在君男美女上来,怪物效果大大折扣",0
233,看的人头大，整部电影中充满了傻笑和冷场。,0
234,舞蹈不是很出彩啊。为了宝儿勾勾手指的动作加一星。,0
235,枯燥，观影过程异常痛苦，几乎睡了大半个钟头,0
236,剧情俗套，男主杀马特。居然有人加悬疑标签？脑容量得多小？,0
237,烂得不行，主人公的性格看着恶心。见过最烂的美式喜剧（？）。,0
238,5分，整个节奏比较混乱，特效设计难以恭维,0
239,一群人围着背景电影居然可以这么投入，我还纳闷王晶怎么会沉浸于搞这些神经质的桥段，原来是韦家辉的。,0
240,东航的机上娱乐电影资源都是啥片啊。。。。,0
241,牛田麻希15岁时的青春日记，日本女子中学的真实反映。漫画水准未知，电影够残。,0
242,和其他的阿满一样，主角固执、简单，甚至有些呆傻，这些似乎是高尚道德的显性表现。情节也是一贯的简单。,0
243,一秒钟纯情男变电锯杀人狂。脸上肉都没了，喊起来还这么带劲张合有度？,0
244,一星给郑恺，看完发现自己真的不喜欢倪妮。,0
245,有收藏电影的习惯，但是看完这个就把它从电脑里删了。书很好，电影却很糟~,0
246,对，我看了这部烂片，烂到飞起。印度版的《神话》。,0
247,实在不喜欢邓丽欣的演技，没办法，其他都还不错,0
248,毫无疑问的烂片！以催泪为目的的催泪片，也敢说感人？,0
249,搞半天也没搞出什么意思~其实题材还行，但是导演功力真心很差~,0
250,诶。。这片子06年初就上映了么，怎么感觉在永华没看过多久呢....老了老了....,0
251,为什么会有一个这样丑而且碍事的女主角，制片方怎么想的。,0
252,男主不帅，女主不美，剧情无新意还淫荡，毫无看点,0
253,挂羊头卖狗肉，又臭又长。据说是在追求所谓的“内涵”？那恐怕我这种俗人真不懂得欣赏了。,0
254,给了一个完美结局，故事确实太假，不过还是有点教育意义,0
255,又是梦！捏气泡纸的桥段很妙。人总还是会被同一块石头绊倒。弯弯小清新好累,0
256,回加飞机上百无聊赖看的片子之一，按快进按得我手都抽筋了,0
257,导演的脑洞也穿越黑洞了。不明不白的变异，好像成了90'的烂片标志之一了。,0
258,节奏太慢。开头觉得氛围很末日，看到后面则完全失去了耐心。,0
259,女主角长得挺好看，但乳房太小了，情色戏摄影不到位。,0
260,完全不可理喻的一集，各种想凸显高大上的没用展示，人物性格都完全出于混乱状。自娱自乐。,0
261,我去 ！志愿军出场真的吓到了！！！！简直惊悚呀！！！,0
262,又臭又长。神犬亮了 。本斯蒂勒和亚当桑德勒我永远分不清,0
263,说实话，这绝对是一部粉丝电影。我猜上映后5分没有。,0
264,要不是为了陈柏霖 我犯得着费那个时间嘛 王珞丹真是恶心,0
265,部分情节还是能看滴，不然就一颗星了，业余,0
266,武打动作实在太假，我就知道不能一看到三个能打的女孩就幻想有看霹雳娇娃的兴奋度。两颗星给她们的性感,0
267,終於發現了一部自己看過的4。0以下的爛片,0
268,前面鋪陳太久了，有點疲乏想睡，男的帥女的美，看看就好，因為一般人應該沒有那麼正義。,0
269,画面那么好看那么文艺那么梦幻但是他妈逼这故事到底讲了啥！囧！完全没有看懂！,0
270,私人订制下成这个 结果我还看完了，，实在是无语 没什么好说的了,0
271,_(:з」∠)_ 看完会胃痉挛，别难为自己，人生已经够艰难了……,0
272,不关你是抱着看料理的愿望还是励志，都会让你大失所望。打发时间的剧而已。,0
273,狗血中带着治愈，妈妈的演技和结局都太生硬，但能重头看到尾两星半,0
274,跟＜穆赫兰道＞差很多，看到一半，后面的剧情根本就不吸引我了，所以即使看到结尾，也觉得无聊。,0
275,一场闹剧，又不好笑又无营养，菊花变成向日葵,0
276,想展现女性的多元情欲和男主活好，就不要在性爱过程中以男性阴茎为中心，一点都没有说服力,0
277,完全比不上第一部了，吴彦祖在里面气场全面下降,0
278,看了这个，我真心觉得还珠格格拍的好深奥啊！！！,0
279,凡出现脑残大本营里面任何一位的电影，必属烂片！！！,0
280,极端自恋下浮躁、浅表、哗众取宠的叙事……,0
281,对白太没营养 剧中女演员清一色的俗气 导演想表达的东西没有表达好,0
282,这海报看起来怎么那么别扭？嗯？头大脖子短，小孩子的身体安个大人的头？,0
283,大怪物都没出现就完了！还搞那么史诗的配乐！吓唬谁啊。,0
284,戏剧化方式呈现的老年失意生活，剧作基本没有真正出彩的地方。★★,0
285,猫头鹰的造型不算讨喜，剧情也比较俗套，男主鸟兄弟反目，很像太极张三丰里的君宝和天宝。,0
286,剧中所有爱恨情仇都莫名其妙！只是，她流泪的样子很像她.,0
287,标榜惊悚片，但真心太套路，而且气氛做的也不够，唯一亮点是超模女主，没了。。,0
288,因为网上的小说比较火，因此下载了看，但很后悔！真的是烂片,0
289,什么垃圾故事？你把我童年的美好回忆都给毁了,0
290,知道你们喜欢黑暗，但是全程乌漆墨黑的让人都看不清画面，请问是想闹哪样,0
291,特地来给圈钱的滥片打一星。。。幸亏没有我费曼和吴妈。。。,0
292,这套路已经没有新意，玩烂了，片子难看得要死,0
293,不知道讲的是个啥啊，唯一的看点终于看到一美对着比他矮的英国男星喷口水了。,0
294,原来是和坎特伯雷故事一个导演，原来如此，实在看不下去,0
295,等待一生的纯真感情、和妈妈在电影院看得略显无聊、只是刚刚去完鸟巢水立方可以温习下、,0
296,编剧，导演都是傻的吗？全片没有任何逻辑可言！,0
297,郑秀文老归老，气质超好的！两个那么好的演员要谨慎挑电影才行啊！,0
298,女主的幻象写的太多了吧，结局就这样完了？比较无聊，情节不跌宕起伏,0
299,已经俗套成流水账电影，该哭时就哭，演技的突破也无法为电影带来一点惊艳…,0
300,对剧情真没啥想法，随便看看不要脑子记镜头,0
301,续集不好拍，因为观众的期待值会很高。没有进步就是退步，在我看来几乎毫无笑点。就在第三集完了后解脱吧。,0
302,除了凯瑟琳 其余没什么可看的～ 剧本很烂～,0
303,能再幼稚点么……枉我喜欢赛车才来看的……结果赛车的元素也搞这么烂,0
304,真是不知道你们在搞什么，王宝强的怎么会拍这种电影。,0
305,1940年代的智利物质丰富到那种地步的话，您就别咸吃萝卜淡操心了,0
306,夏天是电影中一只猫的名字，猫尾巴？自得其乐？没有看懂,0
307,= =不知道为咩，总觉得玩具会动好恐怖啊。而且……眼神猥琐。←童趣已经死光光了。,0
308,这部片子我感觉突出父亲的责任大于贫民窟黑帮的战斗了，不知所云。,0
309,墨西哥电影？他们长得不太一样 思路也不太一样呢结尾怎么要经历不理解父亲才多年和好呢 ,0
310,本来挺喜欢吴佩慈的，但是这部让我呕。。。,0
311,整个片子传达的价值观都是狗屎。而且女主角那么丑，这种万人迷似的氛围好可怕……,0
312,"太失望了,只能说这种根本就不配拍成电影出来卖,剧情松散味同嚼蜡,说是励志但明明阴暗面更多,太差了",0
313,讲真，吸血鬼工作效率真能比活人高吗？还有，给吸血鬼发工资要发血浆吗？,0
314,这种片竟然也能下到高清的。。之所以没给1星，纯粹是不明觉厉罢了。。,0
315,多年以后，人们会在地球上发现外星人，会在宇宙中发现外星文明，会在时间裂缝中发现卓一航和练霓裳。,0
316,主角不死无下限了，全片都在崩溃丫怎么还不死,0
317,从开始一直哔哔哔哔到结尾，我是真的被催眠了,0
318,本片真挺恶俗的，失望。唯独那老头吃着各种肉的时候说了一句：我们崇尚和追求自由，但是不能不真实。,0
319,尼玛老郭就不能出个正常智商不脑残的影视剧，你就这么恨岳云鹏想他影视路走死跟你一块臭大街？,0
320,海报让人以为是恐怖片，看完后发现是部让人有一种变态的爽感的悲剧,0
321,没看过这么差的电影，加拿大在这方面好像一点也没得到美国的真传,0
322,没劲，勉强看了30分钟，倒到最后看了个结局！,0
323,能把一个爱自杀的诗人拍得这么无聊真是不简单,0
324,台湾方言直接听不懂，笑点也没有，最后是模仿大木的《不能说的秘密》吗？,0
325,桃花灿烂你还能再烂点吗？整个就是精神分裂 磨磨唧唧的不说明白谁跟你啊 没劲死了 烂烂烂,0
326,蓝色是忧郁的颜色，片子演技有些过了，没看完，看不下去,0
327,哎呀我真你妹！！！太特么恐怖了。。。我说的是电影烂的！！！后面打呼噜巨响那哥，我理解你！！！,0
328,被自己吟的诗句扼住了呼吸的电影啊，周身毛孔里透着野生的匠气。,0
329,"带着无限的想法去看,可到头来感觉不过是不断的通过预知未来来进行影片的叙述",0
330,我觉得 这部戏应该可以拍的更好。导演不喜欢给人特写，什么都是草草扫过，尤其是大梦，简直是超级玩票,0
331,我日，找了一万年的电影原来是这个。那段床戏印象很深刻,0
332,恶心到底，不管是题材还是发展还是拍摄还是那藏不住光芒的人性光辉，恶心到底。真恶心,0
333,2颗星是给画面还是比较接近梦工厂的，其他就算了，呵呵,0
334,好莱坞流水线产品，屎尿屁和模式化都毫无新意。,0
335,虽然不知道原著怎么画的 但是总感觉主角变成奈奈了 而且那个  市川由衣 长得也太丑了 还超做作,0
336,本以为再差差不过上一部剧场版，看来是我太天真了……,0
337,朝鲜电影能看出点意思，阿尔巴尼亚的看不出来，除了技术还比较好之外,0
338,輸給慾望也要昇華成心靈頓悟嗎真是太虛偽了,0
339,单挑外星人的警察，难怪在世界末日前那么淡定。,0
340,我是冲着女主角来的。。说实话这电影，不好看，看完很后悔。,0
341,没办法，人家也要挣钱养家糊口，拍个烂片也是可以理解的。,0
342,跟续集一起看下来，音乐 镜头 才感觉经典。但是单独看这个老电影，也太费劲了。,0
343,剧情和第一部几乎完全雷同，无脑欢乐的低成本喜剧。,0
344,恶搞的挺没意思的~恶搞斯巴达克斯的那部就还挺好玩的啊..,0
345,小四对校园霸凌的理解就和对奢侈品的理解一样肤浅,0
346,整体没什么意思，只有少数几个冷笑话和游戏能让人短暂兴奋下。,0
347,我能说实话不？这片最牛逼的地方就是配音阵容实在太豪华了,0
348,主人公的絮絮叨叨似乎也就是文科文艺青年的水准,0
349,看到一半实在看不下去了，我要是余怕怕，我比万强老婆先提出离婚,0
350,把一对情侣看跑了之后，我与朋友们开了关于以后选电影责任分配制度大会。🤔🤔🤔,0
351,特么看这么多电影第一次看睡着！还特么是带7人团刷，200多块啊~就当金盆洗手费了成不啊成龙大哥！,0
352,看过彭丹的一期锵锵三人行访谈 真是对这种肤浅还装比的人无语 满口体制内的用语 跟成龙有一拼,0
353,抛下偶像包袱，故意扮丑搞笑还是脱离不了烂片，不过精神可嘉！,0
354,这犯罪片子手法也太那啥了吧，这女孩够狼心狗肺的。,0
355,"居然可以比第一部无聊到飞起,也是给跪了...",0
356,影片很一般，老腔“古风摇滚乐”很过瘾！女主漂亮，男主形象设计容易出戏……,0
357,廉价真善美 真一叔是欠黑社会钱被逼着接这种戏吗,0
358,竟然还有续作……完全没有想到！还是一样的难看！！,0
359,差 演员长相本来就不讨喜 也没什么演技 剧本也差 ,0
360,学农那会看的。。国产喜剧片优秀的毕竟凤毛麟角。,0
361,怎么看都像是个一边拍，一边编的东西， 娜奥米·沃茨这条线白白浪费，整部片是个半成品，看完让人吐血。,0
362,开篇斗舞还行，后面越来越无力……都不知道要看个啥,0
363,真不知痴迷印度片的人什么玩意，整个模仿好莱坞的伪片把,0
364,镜头晃得头晕，第一部因为镜头晃动而完全看不下去的电影。,0
365,难看到可怕，科幻儿童迷你剧都不应该拍成这种水准,0
366,不错的科幻电影...最后的搏斗还是相当逼真的。。剧情缩水.....,0
367,看完了才发觉导演不是蔡明亮 浪费我时间( -᷅_-᷄ ),0
368,狗咬狗黑吃黑的小成本电影，老实说偶没看明白跟军规一毛钱关系。拜翻译所赐，字幕也糟透了。,0
369,"今年看过最烂的电影之一.只可以说,没有最烂,只有更烂",0
370,小人物传记不是这么拍的。二十分钟就看不下去了。,0
371,低配版波拉特，我真的完全不懂法国人的笑点。,0
372,刻意，就显得不够了。悲伤电影，片名把结局都说清楚了，也就没什么好期待有多少悲情了,0
373,主旋律不难吧。 不是反感主旋律。而是真的作为电影本身价值观和可看性就不足啊。,0
374,欣赏不来，业余小偷变业余的高端人士再回去。,0
375,看的那叫一个雷啊。。。95年嘛。。。厄。。。劳模不囧。。。,0
376,好桑心...好桑心...好桑心......红内裤的梗是在天涯看屌丝文章学到的么？,0
377,刘璇的体操动作一上来，顿时有种被雷劈中的感觉。,0
378,明明下的是别的片结果下到了这货。。。什么玩意儿！,0
379,我小时候就看这个片子了，现在凤凰卫视怎么没有了呢,0
380,养眼的主演、优美的风景也抵不过粘稠的故事的杀伤力。看了二十分钟，弃。许秦豪近作真令人失望。,0
381,没劲，老派日式风格底层人民自卫反击战系列。,0
382,且逃且战，落井下石，比前两部女主上道儿，然而并没有什么卵用。,0
383,本片仅背景音乐可取，看后无限循环权利的游戏片头。,0
384,这电影不用看之前就可以打一星了。抄袭游戏现在还来抄袭剧场版。渣！,0
385,风景特效好、数帧画面颇美，转场比较粗糙。,0
386,20150326，真挺假的，导演也没拍出感觉…,0
387,很烂，结尾只分析女人的问题，貌似很封建啊,0
388,我发现我已经变成了什么样的小故事都能有触动我的点的烂俗博爱女屌丝。。,0
389,故事真的没有一点儿新的点。编剧可是邱刚健啊……剪辑也挺二的，废戏太多。,0
390,妈逼呀，有必要右边挂一排傻逼影志的豆列嘛！！！,0
391,  开始看了很久都不知道为啥 女主角会不相信人 ，竟然最后才知道 ，不咋样儿啊真觉得。。,0
392,剧情平庸，武打设计一般，赵文卓也没法演出多年前的那个黄飞鸿,0
393,没啥看点，把简单的故事搞的不知道怎么说，如果这只是一部单纯的儿童片也不怎么令人看好,0
394,剧组是穷得连灯光师都请不起了吗？好些段落伸手不见五指，这是让我们用意念强行脑补吗？,0
395,剧本很有创意，是《少林足球》式的《喜剧之王》，但拍的实在不好，投资再多点，方能成大事。,0
396,装逼的人正是因为逼都没有才要装 我讨厌的是他也喜欢库布里克并且自以为懂女人,0
397,这情节拍成连续剧棒子就神作了。特效还不错。,0
398,吃老本 炒冷饭 挠咯吱 硬煽情 喊口号真孤傲 假自嘲,0
399,边玩手游边看 时不时抬起头瞅下剧情都丝毫不会影响观影体验。。因为实在是太平庸了。。,0
400,多好的创意，粗制滥造给毁得一干二净，现在想翻拍都难了,0
401,还好我看过《同桌的你》然后就对这种类型不太抱期待了，果然，就比同桌的你好那么一丢丢。,0
402,女神从头到尾美哭，剧情极其扯淡。男主唧唧歪歪胡子拉碴，看到他们亲在一起简直痛心。,0
403,我给两星是因为女主角的鼻子好看。电影总结出来就是四个字，剧情俗套。巫刚是药转型了嘛,0
404,催人泪下总是容易的，可总觉得有什么东西被廉价的浪费了,0
405,以前看的某人的剪辑版。。。嗯不是特别好看的恐怖片。。。,0
406,哦，天哪，我看过这部片啊~张柏芝打扮的很精神但是吴镇宇超级猥琐,0
407,哎，中国的动画片也就这水平！擦！！我进电影院看过最垃圾的。,0
408,一部电影的最高境界大概就是主角在哭观众在笑了。可惜了这么多小鲜肉。,0
409,相存相依的故事很暖 但作为一部电影真的不及格,0
410,其实电影本身是可以看的 但是丑就没法看了,0
411,为了说故事而说故事，一点也不美好。剪不断理还乱，明明知道最终的结局为什么还要一意孤行。,0
412,英国独立电影的离经叛道调调，可是叛逆的又不够，只是背景设的讨巧了点，可是剧情却没有什么可以加分的地方,0
413,20120907.我见过的最差的恶搞片，讽刺不算讽刺，搞笑吧，又实在不搞笑,0
414,"冯绍峰你其实可以不北上,秦汉你其实你可以不南下.江南爱你们",0
415,朕的童年啊。散场时发现在看的不是小孩就是奶奶，剩余的年轻人就是80后了吧,0
416,豆瓣装逼们居然能给这么高的分，这要是国产的，能有2.0都是问题，太他妈雷人了,0
417,情节硬伤 想抄袭点儿经典桥段又很生硬  故意感太强  连场景布置都那么不自然,0
418,算是把泰国恐怖片中所有的烂元素全体现出来了,0
419,这是看过的贝纳尔多·贝托鲁奇最难看的一部，冗长沉闷。,0
420,什么玩意啊都是。我都不好意思说我看过这片。唉唉。虽然我大爱林志颖。。,0
421,所以说根据这个作者小说改编的电影都要找一脸蛋疼相的男女主角吗？,0
422,尼玛我竟然忍住看完了…这特效这剧情着人物这到底是什么破片。,0
423,很有意思的视角，但是很无力的视觉表达方式，很难让人集中注意力看完全片。,0
424,什么阵容啊这是，好几个配角演技都烂到爆，刘家辉演技也好差。台词也写得乱七八糟，祝你成功是什么鬼。,0
425,各方面都十分的做作乏味 剧情不知所谓 角色感情完全不能让人信服 感觉编剧都不知道自己想表达什么,0
426,反正就是，有钱有盐的男孩子，无论如何女孩子都爱，死心塌地的爱，无脑爱,0
427,呃，看来这个叫石井隆的导演拍的电影基本都是这一类型的了。,0
428,太做作，无喜感。狗在里面纯粹多余，白搭了一个噱头的名字。,0
429,"觉得好违和只有我么,,,,,花音真可爱 然后没了,,,,,",0
430,美女与野兽。。难看 单纯喜欢男主角的身材,0
431,事实证明好多练武的人其实并没有拍出好功夫电影的能力！,0
432,作为一个球迷，本应鼓励下足球题材的电影，但是这部真是不敢恭维！,0
433,我能吐槽么，能吐槽么，能！~吐~槽~么~！,0
434,现在想想我的高中和大学，怎么就没有电影里的这些热血和疯狂呢。,0
435,我也不知道看了点什么，印象中付辛博演娘炮演得还不错。,0
436,抄袭的片子还敢出续集，战斗名族胆子就是大,0
437,貌似当时没看完… 快进几倍速的 整个都是恶搞,0
438,片纸拍得很差，但是题材倒是挖掘得不错啊，天朝大地可以做文章的东西多了，不过有伟大的审查,0
439,文艺片都是这样，用很多矫情的镜头来讲故事。,0
440,说是女汉子，我却并没看出那个女汉子在哪儿，只是变相的一部青春偶像片罢了，可惜男主并不青春偶像,0
441,受不了，一盆狗血泼过来，煽情手段无节操。为了加藤小雪和堀北真希勉强两颗星把。,0
442,这部电影的意义何在？如果不是有黄宗泽……幸好是边玩游戏边看的，算了！2013.07.19,0
443,原来大鱼只是宣传片儿~看来大侠也受神马心理学的影响啊~,0
444,要想杀那个男的为什么要让他幸福那么久。。。。傻逼。。。。。,0
445,重口的地方挺重口，无聊的地方也挺无聊。至于搞笑部分，全程如摆拍笑僵的脸，真的无法从心底里笑出来,0
446,比那些粉丝电影还可怕，多一星支持题材吧。,0
447,制作华丽的花架子果然不行啊 剧情人设台词什么的都弱爆了,0
448,歌舞片真不是我的菜啊。。。除了新白娘子传奇,0
449,除了明星多 外加像库普力克致敬的那个梗之外 别的基本一无是处,0
450,不好看 剧情拖沓 但里面妹子还蛮漂亮的～,0
451,很无聊，很无趣，我同学审美就是和我不一样，一边看一边还说真爽。,0
452,看到微博上说的好片子但拍片少就去看看，然而并不好看，浪费时间😔😔😔😔,0
453,韩剧的节奏，好拖沓，还有，看不了小孩子这么深情,0
454,不算亮眼的探讨家庭关系的片子，在这方面导演还是多向山田洋次学学吧，怎样用合适的戏剧冲突来表达人物关系,0
455,虽然想表达一个还不错的主题，但是表现手法太烂了,0
456,想要问问66年生的小齐还有没有点追求，就拍出这样老套的剧情来糊弄人，难道灵魂还留在上世纪吗？,0
457,空有现实皮毛的一出廉价的又破洞百出的苦情戏。,0
458,勾魂性感美少女———邵音音，我信！林雪太豁的出去！！,0
459,前半段还行，后半进入正常叙事后就一泻千里，一切都不搭调。火锅火锅，热辣麻的气氛完全没有。,0
460,把“爱”和“占有”搞混了。。。画面很好看，但是情节太单薄了，拍摄狐狸一定很艰难,0
461,毫无新意，毫无闪光点，毫无催泪点…表演？表情扭曲一下、愤怒咆哮一下就叫做表演好？呵呵。,0
462,不懂我干嘛会去看，画面感很差，女猪脚很丑,0
463,天了噜，本质骑士克拉克·肯特为爱走钢索惹,0
464,老妈的平行心路历程，情怀至上，比起上部如走过场不够惊艳，梅姨仅是客串看头少很多。,0
465,不知所云，还台词极少，而且配音痕迹重得无以附加。。可以当作塞外风景宣传片儿来看。。,0
466,知道冯德伦为什么一夜白头了：可能这样才能显老才能配得上电影的老气横秋吧,0
467,看了1/3觉得不对头，赶紧上豆瓣，果然是部浪费时间的电影……,0
468,这种电影还能5.8分？？豆瓣怎么这么多傻逼呢？？？,0
469,梦想无法照进现实，游戏与现实不可能相接。,0
470,剧情很乱，强凑。女星也没有特点，鬼片不像鬼片，喜剧也有所欠缺。桥段也有点造作,0
471,〖20180704〗拍的啥？？想表达啥？,0
472,天啊终于看完了 不知道放些什么 太难看了 浪费了我甜茶,0
473,抵赖精神+精神胜利法，跟日本人较劲看来是获得好口碑的最佳手段,0
474,毫无契约精神 整部片子从郑秀文看到张孝全吃香肠开始跳崖式崩溃 我不是说前面好 嗯,0
475,场面是武侠片，故事是黑暗童话，都是2毛5,0
476,其实是烂片，多1星是为了给张含韵的这首歌,0
477,除了知道这是纪念猪哥亮的片子以外，真心没有找到任何笑点和值得看的点，这真的是文化差异咩,0
478,男女主角跟傻逼是的，完全没演技啊。最后一个镜头主角飞身开枪的镜头，完全是山寨抗日神剧嘛。,0
479,一出戏毁掉一个好演员不难，难的是一出戏能毁掉全部的好演员。,0
480,还是喜剧好，最后，是要告诉我们享受生活？,0
481,大家都来评，让它没上映之前就恶评如潮，为无辜的观众节约时间和金钱,0
482,剧情很烂，不过美指不错，推荐下，一般山寨一般雷~可以看下~,0
483,还有比这配音更恶心的嘛？还有比左小青演技更拙略的嘛？,0
484,题材被毁。跟全面回忆类似的题材。剧情脑残,0
485,这个逻辑我还是不太明白。男主让人想起《孽子》里给小玉买衣服的老周。移民是社会乱源？,0
486,看完的感觉吧，就是乱，文艺和细腻是有的，但如过眼云烟一般。,0
487,一小时55分钟的电影，铺垫了40分钟，看不下去了,0
488,能再无下限一点么？比起第一步居然少了激情戏，更是差评！,0
489,把我看睡着的片子。你要是去计较剧情，那你就输了。,0
490,作为一部电影它并不好看，但是李宗伟，一定值得人们尊敬。,0
491,冯德伦不好好做演员当什么导演你对得起你妈么？,0
492,不怎么喜欢陈乔恩，不过她确实变漂亮很多！,0
493,小成本，小故事，不真实的中国版小鬼当家也算不上，嗯，什么都算不上，因为本子确实不怎么好,0
494,尴尬元素大乱炖 鲍鲸鲸非常努力地证明了33天的成功一半是运气一半是演员 无比想念周冬雨…以及白百何,0
495,仅仅中间插入的画风有点意思，并没有太吸引人的地方。,0
496,看解说以为是很黄暴的电影，但既然是要在院线上映的，那也就没有看的必要了……,0
497,可以打0分吗？实在是难看到无以复加，连马里奥的演技都甩他们几条街了。,0
498,因为是烂片所以毫无感伤，这是最大的优点，一星给这个，另外一星给刘广宁,0
499,意大利语配音，字幕还对不上。看了个一头雾水。,0
500,原来在健忘村之前，王千源与舒淇已经暗生情愫了。,0
501,这···各种戏谑，各种吊诡，看完之后反而不知道这是部什么片子了- -,1
502,又是一个看过不知多少遍的哟 那个小朋友现在怎么样了哟,1
503,打斗非常精彩，但剧情单一，吴京与向佐的表演很劲爆！,1
504,味蕾无法证明真理的去向、真的看不懂、、但这就是上帝必须接受的现实,1
505,虽然只是对一家人的特殊描写，也算是对整个历史的回顾吧,1
506,我喜欢这样温情的外星人故事，异形怪兽什么都死去吧,1
507,太好的片子了！ 要是有高清的就更好了~这是一部值得珍藏一生的电影~,1
508,可能是吴千语最好的电影，但是剧情有点狗血~~估计也只能出现在上个世纪了。,1
509,極好的題材，可惜導演太投入表演疏忽了全局。,1
510,曾经我们恨的人，原谅他们。执手将来，我们都是胜利者。,1
511,愚蠢的人类认不得神的样子，只在自己需要时急迫地呼唤祂。,1
512,难得剧场版的水准不输多拉马版的，就算独立看还是能被深深感动一把。,1
513,理查德波顿一开始演，感觉这部戏就被剪成滑铁卢了！没有雷克斯哈里森演得稳。,1
514,运镜漂亮表演丰富。那时假以不利维护政府形象的借口国民政府强行停演了祥林嫂。如今。。,1
515,看腻了海豹啥的，看看高卢鸡的伞兵换换口味也蛮好的,1
516,人真是身不由己的，很多事在你无知觉时确实注定了,1
517,小日本区区一部剧场版就把泱泱大国的电影比下去了,1
518,比白头神探差不少，笑点不是那么的足，但是也够搞笑的了，真是无厘头的鼻祖。,1
519,经典啊！我初中看电视播了片段就记忆深刻了,1
520,不能保证每一天都完美，只能保证享受不完美的每一天。结局俗了。范爷演技真盖。。。,1
521,可怜之人必有可恨之处啊，年轻姑娘根本不懂时间的险恶，让万恶的金钱和欲望的社会教教你吧,1
522,寂寞哥和气质女似有还无却不得不说的故事……,1
523,又灰暗又喜感，反正看完给我的正能量挺多的,1
524,好的演员，可是没有好的剧情。生命掌握在自己的手里,1
525,初中中午吃饭的时候看过。。。别名：发育王==,1
526,应该是字幕出了问题，有些地方并没有看懂。找到好字幕再看一遍。,1
527,一个活在自己世界的人，应该是孤独存在的。一旦搅入尘世，掀起一场悲剧难以避免。,1
528,完结了好寂寞……再也看不到这对笨蛋情侣打情骂俏了…………………………,1
529,致我们终将逝去的青春和曾经拥有过得爱情。,1
530,节奏缓慢的电影，但是画面优美，角色表演细腻，别有情趣。,1
531,印度的主流商业电影，不如印式英语有味道，不过也可以一看。,1
532,脑子里一直有那条花裙子，干净的脸，深蓝色的海。,1
533,剧情一般，但很喜欢里面的几首歌，都很好听,1
534,完整的四十分钟的作品，构思独特，武打风格严密，超越新武侠，功夫时代的全面来临！,1
535,（三星半）有些地方实在还是不错，战争部分不太喜欢。,1
536,忘了名字，搜了半天，好不容易搜到了，真是不易，所以强烈推荐。,1
537,励志轻喜剧，讲述男人中年危机的奋斗故事，看起来轻松也很有感触。,1
538,终于明白为什么他们说美国人那虚伪的感情很讨厌了,1
539,摄影风格 眉头那道疤 写完给玛丽的信，推门进去，恰玛丽纵身跃下,1
540,看完之后唯一的想法的就是 给妈妈打一个电话,1
541,拍的并没有太煽情，但也并不深刻，引人深思。,1
542,虽然主旋律，但还是推荐！很感动！美景。美人。美歌！,1
543,总感觉影片拍的不够完整，无论是结局还是其中的细节,1
544,彼时的黛米·摩尔空灵得出神入化。看到阴阳两界的眷侣相拥，泪水渐湿眼眶。,1
545,嗯，很喜欢这样的亲情电影。为什么哥哥的妻子一直不去医院看婆婆呢？弟弟很可爱，一家很可爱的人哇。,1
546,女主真是尤物啊，结局被黑色幽默了一把，和整部片子的冷幽默基调一致，安娜卡列宁娜出场也是神来之笔哈哈,1
547,成功实现零歌舞的同时，又让人可以通过一部电影改变对一个国家电影产业的看法，甚至是一个国家的看法,1
548,改编了一些，但是小托比真的很可爱，所以四星吧。,1
549,怎么有点像名侦探柯南呢，每个可怕的凶杀案背后都有一个凄美的故事。。。,1
550,张智霖的情感好低沉又好深刻，华仔好矛盾，总之，那个年代，这种拍摄效果，一定是花了大价钱的啊！,1
551,很喜欢这种风格~但是还是有写内容每太看懂。。。要是能有个随时都可以查的历史百科辞典就好了~呜~,1
552,桃花片片，随水染尘埃。朝云暮雨，还向梦中来。,1
553,略微煽情，但不狗血，拍出了那个年龄的迷茫和叛逆。不错的校园电影，青春片。,1
554,几年前看的，看完之后挺久了才回神，第一次因为看了一部电影反思自己。是我心中电影的第一名～,1
555,比前几部都好看 甚至还有点电锯惊魂的意思,1
556,有爱的脱衣舞.有爱的哥哥.有爱的舅舅.除了爸爸.大家都有爱叻.,1
557,笑死了，他灵感迸发的时候是无敌的。黄梁一梦的结局在那时候也许不是大俗套吧。,1
558,哪里能找到这片啊？美妙的音乐，精彩的剪接，不知道现在再看还会有当年的感觉吗？,1
559,让巴斯光年承认自己其实只是一个玩具，和告诉小朋友圣诞老人根本不存在，哪个更惨？#弥补童年空白系列#,1
560,金凯瑞演神经病绝对出神入化~哈哈 可是我一点都没笑出来...,1
561,多的一星给教练~~~~英语不懂，橄榄球又看不懂，还能把这电影坚持看完不容易,1
562,刚到海边的屋子时，蓝毛在阳台望着海边站了很久。后来，画本上有了男主站在海边的图。被暖到了。,1
563,我觉得要比《日照重庆》更，怎么说呢，朴实一点吧。,1
564,有点魔幻风，男主很帅很舒服，比伯惊喜出现，赛琳娜有点胖了吧，剧情挺搞笑的,1
565,第一次看达内...发现我还是很喜欢这种风格朴素的片子的。几次心情来回起落真打动人。,1
566,这么少人看，太好看了，感觉霍克好孤独的一个小孩子,1
567,西班牙男生非常可爱。给所有不定心的孩子们一个警示：陌生人危险，珍惜身边人。,1
568,很有设计感，不同寻常的韩片，有南美实验之作的质感。,1
569,我觉得比第一部要恐怖诶，而且剧情和时空设定都要更加精密，酒井法子真漂亮！,1
570,如何去审视这个世界 这部影片值得一座小金人,1
571,全程惊悚无尿点，小李子的演技真的一直被低估,1
572,友谊也系阿狄对阿祖讲，我最有耐心的就系等你出来。,1
573,反正我是看得哈哈大笑很开心啊，觉得比现在好多喜剧片好看~~~,1
574,极其残酷的老阿。。。美丽的色彩和音乐之下 都是一个个心生绝望的故事,1
575,故事可能真的很俗，但是有舞蹈成分作为弥补。。。,1
576,对生活细节那么敏感的导演 是怎么想到找个越南妹来演中国人的呢 而且还那么土。。。,1
577,没想到这么新这个电影。觉得配角比主角好呢。主角不太像丘吉尔的感觉。,1
578,有点晦涩。宗教也好，哲学也罢，玛丽一生都在和符号打交道。,1
579,精彩的剪辑、光影、镜头、音乐，同时电影所表现的原始暴力，让人赞叹不已。,1
580,"有点想哭,不怎么为什么.可能和最近的心情有关",1
581,文艺是平淡生活的致幻剂，因为怂，遇到什么样的姑娘也没用,1
582,2009.3.22资料馆 星空，列车奔跑在白色原野上。默片一样的镜头，细无声。,1
583,好看好看 演得太好了 难怪是宝莱坞第一男演员,1
584,褒曼美到惨绝人寰，和秋日奏鸣曲里落差。。。,1
585,金城武的演技是很好的，我以往只关注了他的帅气。这其实也是不大公平的。,1
586,可爱纯良的春马，还是那么迷惘的小树，可爱的老头，那个特别的夏天因为你而改变,1
587,治愈系的……虽然故事有点儿。。。但是，马利最高！,1
588,总是要给它贴上青春的标签才会觉得没有遗憾。尼玛太文艺唠哎！,1
589,小时候还看过画呢。感觉小象的生活很惨，我都害怕了。但是他还是活了下来。,1
590,没看完，因为看过后面那版，主要是为了看小百合有多漂亮……,1
591,非常有爱的电影，不过最近很少见到有重播的了。,1
592,太多经典梗了，老电影节奏也很流畅，爱死梦露和白考尔！,1
593,两部《棋王》衔接的天衣无缝，罗大佑的《爱人同志》锦上添花。,1
594,这个电影挺好看的  不同年龄段的爱情故事  越往后越好看。黄昏恋那段我蛮喜欢的  影帝和天后的碰撞~,1
595,少数民族与普世两大元素结合地恰到好处。松太加在创作方向上，非常清醒，这点太重要了。,1
596,雷公的片子都是在探讨造物者和被造者的关系，最后的红海不比星际穿越弱,1
597,躲这个片子躲了好久，终于明正典刑的看了。。。,1
598,那首《沧海一声笑》真是太经典了，许冠杰完全破坏我心目中令狐冲形象,1
599,数度落泪。画面非常美，故事非常美。中国电影佳作。,1
600,个人挺喜欢这种类型的电影，觉得比超级英雄片好看,1
