id,text,label
1,牛逼啊，这是我见过断肢血腥类道具最假的片子，剧情也烂得一批,negative
2,什么跟什么啊。。。这破剧情 这破翻译！！,negative
3,就看了南笙的一段，但为啥把台湾的模式强加在内地？怪怪的。,negative
4,其实也不是说差，主要没看过这种风格，不太习惯,negative
5,看到一半多就不想看了····只怪话题太沉重，我内心太幼小,negative
6,最讨厌配音的电视电影了，特别是港剧，还是原汁原味的爽。王晶的电影越来越在秀水平下限了。,negative
7,批判的东西太多，看的不知道它到底要讲啥？社会的黑暗，金钱至上，艾滋病的可怜，太乱太杂了,negative
8,带头大哥丹泽尔华盛顿忽悠了几位莫名其妙的亡命徒帮他复仇的故事……这个版本比起60版提鞋都不配。差评！,negative
9,跟大眼的小说一样，比较生硬夸张，自嗨严重,negative
10,滤镜挺好，包贝尔演得不算差吧。很难放下对包贝尔的成见客观看待这部电影。,negative
11,故事略狗血俗套，人物的矛盾设计也颇不合情理，唯独原声好好听！,negative
12,这么中二的故事就让它存在于文学和漫画就好。白富美身材真好！亮亮也是不容易。总之大家都不容易。,negative
13,..............为毛石像鬼竟然是天使啊,negative
14,小时候看不懂还以为是我鉴赏能力有问题，原来就是烂,negative
15,看完此片我严重怀疑我的智商……这么无聊的片子到底是要干吗……,negative
16,明知烂而专登搵嚟睇 | 睇到后面都要靠拉进度条了,negative
17,。最美地方 不是去过的地方 而是身边；不正常的未必是不合适的；把照片放冰箱里。,negative
18,恋爱中的男孩总是会莫名其妙的花冤枉钱去看这种莫名其妙的电影的,negative
19,周润发越来越接近黄晓明。王晶挑外围女的眼光一直都不赖,negative
20,一开始就注定悲剧的狗血剧。比第二部好很多很多，但是依旧是一部失败的电影。,negative
21,为了莉的颜，颜狗用爱发电，什么狗屎电影，硬啃啃完……,negative
22,我对该剧组的化妆师觉得很好奇。一定要那么厚的粉？那么不自然的腮红？明明有些场景很漂亮。苦了那小花店~,negative
23,被央视点名批评粗俗暴力的动画片为什么每年还能大张旗鼓的登陆国内院线 把领导的话当放屁了么,negative
24,我一点儿没看出来她的智谋 全部的事情只有华星汉去布置而已 她只负责享受成果,negative
25,对于看过恐怖游轮的我来说。。。就无悬念了。而且不讲粤语。。好奇怪,negative
26,没什么可解释的。豆瓣上综合评分2.6解释了一切。,negative
27,可以说很无聊了，节奏太拖拉了。而且没有想到那么早期就有这么丧的电影。弁士的配音还是很出戏的。。,negative
28,刚开场以为是科幻片，看到一半发现时喜剧片，结尾恍然大悟，原来这是海飞丝宣传片！,negative
29,乔黑拍的咩，只是片子看了两周了，我几乎无法说出其中的某段情节。。。,negative
30,我想我的欣赏水平实在有限，，，一部电影就两个人在这说话还不如去看脱口秀。,negative
31,只有行动，没有动机。不给钱的情况下杀这么多人，你是杀手集团做活动吗？,negative
32,被这部电影的人生观、世界观和变态观折服。。。青霞姐姐还是很漂亮的～,negative
33,此團伙已被商業二字坑得萬劫不復。我承認我今天真的是閒的。,negative
34,动物园探险记？好像看到动物也不多！真是前所未有看到的最烂的片。还是个大场，满场。唉。,negative
35,前面还真不错 越到后面越没有重点 就不行了 开始乱闹了。,negative
36,片子比较长，很多前戏并没有意义，高潮部分让人不明就里。,negative
37,虽然片子口碑不怎么样，但可能是觉得自己回不去了，看到电影中疯狂的他们，觉得很羡慕。,negative
38,美国网红成名记。奥布里·皮普尔斯真的好美！这才是真正的网红脸啊！,negative
39,第一次看印尼的电影，还是冲着苍老师去的。至于片子本身，不提也罢,negative
40,小时候看过的 快忘了.....只记得内女的一直跳一直勾引....,negative
41,两星半；成龙的滑稽样板戏，有几个用大摇臂交待环境的镜头尚可，打斗戏比他好的作品要弱不少,negative
42,个人拒斥该片以及跟此片有关系的参考片。牛逼就牛逼吧，不是一路人。,negative
43,个人对这种唠唠叨叨的嘻哈、口水、话唠剧厌恶，吵吵闹闹的头都快裂了。,negative
44,故事说了一半不到，演员演了一半不到，搞毛。裘德洛哈哈哈哈逃得了岁月喵。,negative
45,把猩猩换成任何一个相对落后的民族、部落、国家都行,negative
46,小学时候觉得可好看了呢！【600就给了这部电影我擦】,negative
47,原来长江7号是从这里出来的啊，不过也太恶搞了点吧，小鱼儿居然和花无缺结婚了～～～～～,negative
48,情节拖沓冗长 爱情发生的太突兀 结局很奇怪,negative
49,輕小說版本都已經是垃圾了，電影版又能好到哪去？台片沒救...,negative
50,完全是政治宣傳，也拍不出原作的嬉笑怒罵。,negative
51,我竟然看过这部电影，啊哈哈哈哈哈，烂到无可救药，我已然无力吐槽了！,negative
52,零分不能更多了。浪费两小时看了一群高颜值无病呻吟。,negative
53,"我还真不知道就这么见了两次面,就确定是爱了",negative
54,高超的表演和藝指和配樂。如果能有一絲高潮多好。,negative
55,生活环境非常像我小时候 但是全片过于松散 无法体会到到底想表达什么,negative
56,男主和女主的感情发展得太不寻常了。很多剧情都莫名其妙。,negative
57,为什么要给小王子安排结局。无语。降低了小王子的格调,negative
58,又是真实改编逃生电影。看多了总觉得没什么意思了。,negative
59,能欣赏这片子的当是艺术细菌很丰盛的人，什么生命力啦，什么隐喻啦，我不行，我只看到“神经病”···,negative
60,刘德华那会儿还是小崽儿，陈慧敏好容易导演一次还不拼命美化自己啊,negative
61,"连看三部大姨妈片,心情抑郁的时候需要这样的爆米花能量！主角丑，剧情烂…可是，好适合现在的心情",negative
62,也许是我不懂浪漫，可是看到男猪脚一副懵懂的深情样就觉得丫好欠揍啊,negative
63,这片儿就像三眼怪的那一身鼻涕一样，欧麦嘎！,negative
64,开场第一个镜头就奠定了烂片气质，跟拍桂纶镁一张了无生趣的脸好几分钟，不知道的还以为是蔡明亮的艺术片。,negative
65,女主角长得太像阿娇了 男主演技很一般。。。剧情很狗血,negative
66,开篇还是蛮吸引人的，但剧情铺太开了，收不回来，后面一地硬伤。,negative
67,真是没有最难看只有更难看，这也叫电影？还有金头发的女的你这么丑还出来吓人，我也是醉了,negative
68,最糙最滥最糟蹋“残酷青春”这四个字的电影。,negative
69,韩国全国都是棋神最后还是被中国萝莉打败了···,negative
70,真无聊，只记得尖叫，恐怖片非恐怖，116分钟,negative
71,我第一次，看电影。开始，不包场。到中间，包场了。,negative
72,怪侠里的马天宇和这个一比 进步神速啊。。慢慢来 小子,negative
73,国际章第一部电影～17岁也可以一点都不土的噢,negative
74,不公平地讲 我就是不喜欢。电影里只批判制度，只批判不公平，人物脸谱化，没有人性。,negative
75,不用看就知道很傻逼。。。广电总局能为小朋友的未来想想么，非要审美异常都教成弱智么。。。,negative
76,看在子华老师的份上 给个两星大家高兴一下,negative
77,影响了之后的很多版西游记，我敢打赌杨洁拍86央视版之前仔细研习过邵氏的这套。,negative
78,硬笑的感觉，功夫+食神的网大版。。只学到了周星驰的形式没学到人家的魂儿，还是歇了吧,negative
79,谁说看了就不想养猫了？我看完就更想养猫了...多有灵性啊,negative
80,解放自由性革命——二逼青年与学运的故事。看腻了这个调调的欧洲片儿。,negative
81,整部电影简直就是神经病啊！剧情太弱智了。,negative
82,的确很烂，田壮壮黔驴技穷了，怀念《蓝风筝》！,negative
83,这种荒诞又浪漫的怪奇片也就法国人能拍出来了吧……,negative
84,三观不正，再怎么套小清新的外壳都是没用的,negative
85,第一次看美国甜心的片子不是跳着看完的，但是这质量还不如那跳着看完的。((‵□′)) ,negative
86,《讨厌的女人》 （2017.4.10） 3,negative
87,实在觉得无聊，那几个砍手指的段子还行，要不是金城武真是看不下去了。,negative
88,说实在比人在囧途和泰囧差远了，全程无笑点无尿点，很无聊来着，包贝尔的演技以及人物看着都很尴尬,negative
89,选剧本之前敢不敢先补补脑，朱时茂大叔你是肿么了。,negative
90,拍战争三部曲的跟举起手来的一定不是一个冯小宁！,negative
91,没钱就别学别人拍片！什么鬼！！！#烂片总是惊人的相似#,negative
92,真丑  要悬念很悬念  我能看到结局真是强大,negative
93,ったく、いい歳なのにこんな恋愛映画見てどうすんの。,negative
94,小朋友那一小段真是纯真啊，音乐也很好，青春彷徨那段真是呛人啊,negative
95,"都说了好电影不要拍续集, 不要为了赚钱毁了传奇...",negative
96,乏味得有点过份，全是套路，看了一半去按摩了。,negative
97,或许我口味叼，这和《勇士》不是一个级别的的，不是考虑彭于晏在《寒战》中表现还不错我是不会看这片的。,negative
98,我以为要更好玩一些，男主双下巴可爱，英文口音好听，女主演得还行吧，说话声音好温柔，透着一股皇家气息,negative
99,这个也太假了吧，唯一的亮点是色即是空的男猪脚……,negative
100,爱情一旦变了就是变了，花瓶碎了再精湛的技艺也粘不回原样,negative
101,其实导演是用心的，只是一个影视专业的教授，学院派的老师完全没有把这个故事给我用镜头表达出来,negative
102,和 【我唾弃你的坟墓3】极度相似， 女主眼睛挺有特点的确实像个天使。,negative
103,按照套路不是应该祖贤和敏敏在一起吗？那个泡面头来干啥的!神烦,negative
104,女狼人最后有点恐怖，画面挺美的。一直觉得里面的女警官很美原来是莉芙泰勒。,negative
105,沒有任何人性元素，凸顯了導演人文意識和藝術修養的匱乏 ,negative
106,有些沉闷，某一段让我觉得像变态杀手的节奏，没什么能吸引人把它看完,negative
107,这一部就是传说中轰动全美的青春喜剧，同时也是80年代全美总票房第一。,negative
108,比起我对它的期待，它的呈现就成了个不能回头的噩梦。开头一段莫名其妙，最后又咋呼，简直了一出大戏。,negative
109,我只记得我看过，但不记得讲了些什么。。。,negative
110,恶搞电影自惊声叫笑系列之后便死无葬身之地,negative
111,应该只在网络播放吧，要真的是院线还不得亏死？小白的四川普通话还蛮萌的~~桥段不好笑，只是恶俗又冷,negative
112,国产的恐怖片果然是一点都不好看，最后都是不可能有鬼的,negative
113,贝松大叔你一旦下决心要商业起来，还真是商业得让人发指啊，连一部完整的电影都不让各位童鞋们好好看。,negative
114,投名状告诉我们兄弟是靠不住的，妃子笑告诉我们姐妹是靠不住的。,negative
115,本来是个不错的题材。可是就是被拍成这个恶心的样子了。,negative
116,有一段配乐，突兀而又没道理，和整部影片的节奏感觉完全不搭调···,negative
117,生命如草芥！特别是弱势群体，古今都如此！,negative
118,他有了风火轮 他也有了风火轮 大家都有了风火轮,negative
119,自从一流警察从楼上跳下来，这片子就一团糟,negative
120,一眼看去还以为是#无极#呢。原来不是啊。。。垃圾电影到了一定程度就无语了。。。。,negative
121,孩子们总是想不费吹灰之力的长大 尝试错误 长大 真的长大了最想抹去的也就是那个错误,negative
122,额额，叫兽也就弄弄搞笑电影的水平，真刀真枪神马的不是你的菜。。。。。,negative
123,爱情片包装的伪情色电影，男女主角欲脱不脱，男女配角为了脱而脱。。。,negative
124,恶搞了不少电影，可惜被恶搞的那些原片大多是些恶俗片,negative
125,黑色幽默/冷幽默到我看不懂。。。不是他的错，不是一个世界的。。。,negative
126,普通的犯罪片，揭示犯罪生态的程度属于点到为止,negative
127,段子低俗而且还不好笑，演员演技太过浮夸，纯粹卖肉的,negative
128,泰国鬼片也越做越烂了 虐杀不像虐杀片 鬼片不像鬼片 各种牵强各种假各种智商拙计。。。。,negative
129,发现这片儿是俞飞鸿自编自导的之后，我就释然了,negative
130,劳资抱恙，家里动作烂片就满天飞，也是热闹。,negative
131,太差劲了，我一开始还以为是冰雪奇缘的续集，原来不是,negative
132,要看活死人黎明的，结果误下了这部无厘头烂片。,negative
133,最崩溃的是，昴星出场不到两分钟就双双挂了啊啊啊啊啊！！！,negative
134,史蒂芬席格真的也有些年歲了，拍的片子都大同小異，連身手也沒那俐落了。,negative
135,典型的韩国商业片，剧情老套，而且对电影的价值观不认同。,negative
136,妈了个逼的的公司研究海外题材影视剧把这个任务摊给我了,negative
137,太过于假，有些片段还映射出中国现在的房地产。配乐超差，除了鼓掌那一段。,negative
138,5分电影  不是很好笑 笑点也没什么内涵   比较失望 只是一部普通的喜剧片,negative
139,我遙又被“日本女性”代表了，然后被“牺牲”了。,negative
140,我瞎了。什么烂片。矫情。好吧，我过了装逼的年纪了。,negative
141,本片集合了深作跟黑泽两个人的缺点。编剧惺惺作态，导演虚情假意，演员在做闹剧,negative
142,我觉得太粗糙了，甚至有些同时期的港产老恐怖拍得比这更好啊。,negative
143,全程没有字幕好不习惯啊，弄个外国演员也很奇怪啊,negative
144,姐就是爲了刷一星才來看這麼無聊的電影好嗎,negative
145,觉得很平淡，在背景为导演是希区柯克的情况下。,negative
146,这样的电影看多了，你会觉得天朝的电影真心是良心之作,negative
147,笑点并不搞笑 有点儿强行鸡汤的感觉 剧情设置也多有不合理之处,negative
148,和1 比起来..多了些人..就闹腾太多了...穿插爱情....亲情.....晕,negative
149,集七烂梗可以召唤出来一部《致我们终将到来的爱情》,negative
150,黄璐的演技是怎么吹出来的？成功打消去再看一次大导的《等待戈多》的念头。,negative
151,日本人对待战争的价值观很奇葩，他们不是爱好和平，而是害怕战败。,negative
152,这也算得上炼狱？北欧人民还真是舒服惯了。,negative
153,搞笑的好生硬，梗都好老，画风甚至有种乡村爱情即视感，看得人尴尬症都犯了,negative
154,定位系统那么差劲吗，应该在通卫星电话的时候就查到了，狙击手没有好好发挥作用，5分的电影，,negative
155,很少给二星，真的很烂！故事情节乱来也就算了，煽情部分也很假，哎。,negative
156,当时的宣传铺天盖地，真不明白官方为什么大肆鼓吹这样的作品，可能是为了反文革吧。,negative
157,开局没几分钟被人强制关掉：“两个二逼@&#×…”,negative
158,ʕ•̫͡•ʕ*̫͡*ʕ•͓͡•ʔ-̫͡-ʕ•̫͡•ʔ*̫͡*ʔ-̫͡-ʔ，都什么乱七八糟的。,negative
159,灭托冲锋队！！！！！！！！！！！！！！！,negative
160,一群烂演员把山寨好莱坞的片子演砸了，看完了一直不明白导演想反映什么,negative
161,国语版真是受罪啊，大部分时间都是日本仔和女孩的对话，不如2来的欢乐。另外那结局是怎么回事？,negative
162,又一部流水账电影，真不明白为什么那么多人喜欢女主角,negative
163,再深的感情，也抵不过缘分的交错。爱情题材是好拍，台词各种段子。,negative
164,那个电脑女好看点。杀手不太冷的主角怎么这么胖了！,negative
165,看点只有美女啊~几个梗反复使用，但笑果真的一般般~,negative
166,我第一反应  这电影是拍来洗钱的吧。韩国黑道这么多。。。,negative
167,当时的人们觉得如何，我不知道。但现在的我真的欣赏不了。,negative
168,我晕啊，什么和什么啊~这是给哪个年龄段看的呀。。,negative
169,主演行头翻了不少，井柏然饰演的富二代很可爱。,negative
170,我只想知道，浅野忠信是怎么混进斯堪的纳维亚人的神界里去的？,negative
171,看了一下评论，可能原著没有这么烂。。。这个剧情好牵强啊,negative
172,能简单解决的事非要复杂化，这样的人还能当黑帮头子？,negative
173,邓家佳还是好好演爱情公寓吧 小身材还不错 不过和1中的杨幂比差点~~,negative
174,失败的翻拍之作，玛丽莲梦露的原版《热情似火》好看多了，不过梅艳芳的客串是亮点！,negative
175,希拉里的片子可以永远保持这么白痴般的年轻吗？,negative
176,华语恐怖片里连个养眼的妹子都没有，最后还一个人没死，差评,negative
177,嘛叫烂片，这就是。。。浪费时间，浪费钱，糟蹋演员，也折磨观众。。。,negative
178,史诗什么的被好莱坞盯上一般都是稳遭毒手，一颓到底的。,negative
179,阿尔帕西诺怎么也拍这么差的片子啊？！情节太狗血实在是贬低观众的智商啊！！！！！！！！！！,negative
180,两个锥子脸的玛丽苏爱情剧。看他们接吻心惊胆战的，生怕互相戳死。。黄立行果然是标配。。。,negative
181,优介这么好，你为什么不要？？？真的 这个编剧给差评。,negative
182,一个星都不想给。。实在有兴趣的同学可以试着尝试,negative
183,不要再对国产低配置电影抱有希望了。不要再知道是屎还想闻闻多臭了。,negative
184,弱鸡剧情及设定。唯一收获看到叔的演技了。,negative
185,吉尔伯特的余生伴随着那幅女主骑在马背上的画像度过……想想都悲催。完全无法理解剧中的三观！,negative
186,本人和他演的片子的幽默感觉不太像，现实反差很大。各种荤段子不好笑啊，文化差异吧。,negative
187,快进看完，科幻总要有点科幻片味道啊，本片全向人文靠啊,negative
188,掰手腕这件事真的不是拳击或是摔跤能撑两个小时呢。故事太水了，大叔约个人撑得太不容易了。,negative
189,从绝无神死掉之后，我就坐立不安直想走，但是居然还有一大半！,negative
190,字幕表一出，观众们便迫不及待地起身离场，一如坦桑尼亚的塞伦盖蒂大草原上，追随着雨季进行大迁徙的角马。,negative
191,主角光环大到飞起。有勇无谋，最后还不是被阿富汗人救啦。,negative
192,居然连吻戏都没有！不过青梅竹马的爱情还是印象深刻！还有男主变身那猥琐至极的屌丝范儿！,negative
193,何润东神马的我妈要看的。。看完之后觉得真是极度无聊！纯属上来吐个槽,negative
194,叙事主线不清晰，人物性格的刻画也简单粗糙了点。,negative
195,是国内今年初最好的，但拍得不好，在学科恩兄弟，节奏剪辑上也有不少需要改进的地方,negative
196,这根本就算不得恐怖片，看在第三个故事的份儿上多给一颗星吧,negative
197,这剧情的牵强和白痴的程度实在是绝了   ,negative
198,妈妈专业户演得很用力，编剧乱七八糟，烂片一部，鉴定完毕,negative
199,要不是看在我的第一部午夜场，一颗星也不给！,negative
200,其实只係嚟睇子华神，不过套戏真係令人无语……,negative
201,非常无聊，一点都不好看，完全没有笑点。几个男女演员都很丑。崔成国也老了。,negative
202,电影所要表达的观点我不能认同，金钱社会，其他都是浮云,negative
203,谢霆锋 陈奕迅 张智霖 林心如 不評但我在戲院看的,negative
204,有乱伦来降低师生恋的不堪，看完后，果真是三观尽失。类似的情况，男主像英雄，儿媳像婊子。什么狗屁片子,negative
205,冲着王婷来的，不过话又说回来，兄弟是一起喝酒吃肉一起担当的,negative
206,爱情重要吗？不重要吗？你要吗？能要吗？要得起吗？,negative
207,千万别浪费时间看这部吸毒张给他包养的小丫磨的豆渣！！,negative
208,？？？明明养豪猪的妹子可爱好看多了？？？我还一直以为做作又抓马的爱情只在好看的人中间发生呢？！,negative
209,花了两个小时讲了个预告片的内容不过考虑到是三部曲可以理解不过我是不会找剩下那两部曲来看的。,negative
210,没多大的意思。肤浅的主题，拖沓的节奏，懒散的结构。,negative
211,多线索、非线性叙事都快被玩烂了！庸常、无聊。这种网大质感的片子，就不要进影院骗钱了。,negative
212,剧情吵闹无聊，除了技术当时看牛逼，罗杰他老婆好看以外，没别的了,negative
213,就一堆煞笔～一堆富二代脑残～还装残酷青春～一堆有钱煞笔的过家家,negative
214,看都看不完，实在不知道拍的意义是什么。。。。,negative
215,王力宏很帅，这不太像是一部电影，像童话故事或者别的什么,negative
216,胡搞搞得 建立一个世界就要有一套体系 而不是随便套个乱七八糟的模式,negative
217,古天乐大帅哥怎么变橘色了…可以不给星吗？好吧，一颗给自己，中途没有退场。。。,negative
218,某人不说暗话，五分钟内我要知道在哪里可以买到木屋里唱歌的那条鱼。,negative
219,为了悬疑牺牲情色，偏偏又不懂悬疑叙事【4】,negative
220,感觉这不像德尼罗主演像是客串 真的没啥内容没啥形式做个样子。,negative
221,一句话：难看到家了！！唯唯诺诺的讲，实在胆小鬼，那么何必要拍呢！！,negative
222,原著浓浓的迷幻感，硬是拍出了土鳖气。（应该找加斯帕·诺来拍）,negative
223,德国人真的是这样搞笑的么 还有 他们长的真不好看！！,negative
224,我对国产片是次次明知失望，都还忍不住看，然后还是次次失望。这种感觉这么类似呢,negative
225,在伦敦看着宣传火爆就看了。没有看过电视剧，没有情怀吧。所以一般。,negative
226,四郎？四郎？四郎是你吗？你回来了？四郎你怎么不叫朕嬛嬛了？,negative
227,利晴天如果不是本色出演的话也太精彩了吧。,negative
228,不建议看。没剧情，吓人手段老套到让人发困。基本上看了前一个镜头就能猜到接下来的桥段。,negative
229,美国又一部欺负全世界人民智商的电影，有种编到结尾编不下去便开始拼凑镜头的嫌疑。,negative
230,题材是猎奇的，手法是拙劣的。导演极速的拼凑所谓的感人元素，忘了支撑人物，忘了推进故事。总之，很差。,negative
231,没笑出来，浮夸风也是一种风格的话，这可以五星了,negative
232,"蛋疼的翻译,那年代想出这样的题材也不容易..但是都花在君男美女上来,怪物效果大大折扣",negative
233,看的人头大，整部电影中充满了傻笑和冷场。,negative
234,舞蹈不是很出彩啊。为了宝儿勾勾手指的动作加一星。,negative
235,枯燥，观影过程异常痛苦，几乎睡了大半个钟头,negative
236,剧情俗套，男主杀马特。居然有人加悬疑标签？脑容量得多小？,negative
237,烂得不行，主人公的性格看着恶心。见过最烂的美式喜剧（？）。,negative
238,5分，整个节奏比较混乱，特效设计难以恭维,negative
239,一群人围着背景电影居然可以这么投入，我还纳闷王晶怎么会沉浸于搞这些神经质的桥段，原来是韦家辉的。,negative
240,东航的机上娱乐电影资源都是啥片啊。。。。,negative
241,牛田麻希15岁时的青春日记，日本女子中学的真实反映。漫画水准未知，电影够残。,negative
242,和其他的阿满一样，主角固执、简单，甚至有些呆傻，这些似乎是高尚道德的显性表现。情节也是一贯的简单。,negative
243,一秒钟纯情男变电锯杀人狂。脸上肉都没了，喊起来还这么带劲张合有度？,negative
244,一星给郑恺，看完发现自己真的不喜欢倪妮。,negative
245,有收藏电影的习惯，但是看完这个就把它从电脑里删了。书很好，电影却很糟~,negative
246,对，我看了这部烂片，烂到飞起。印度版的《神话》。,negative
247,实在不喜欢邓丽欣的演技，没办法，其他都还不错,negative
248,毫无疑问的烂片！以催泪为目的的催泪片，也敢说感人？,negative
249,搞半天也没搞出什么意思~其实题材还行，但是导演功力真心很差~,negative
250,诶。。这片子06年初就上映了么，怎么感觉在永华没看过多久呢....老了老了....,negative
251,为什么会有一个这样丑而且碍事的女主角，制片方怎么想的。,negative
252,男主不帅，女主不美，剧情无新意还淫荡，毫无看点,negative
253,挂羊头卖狗肉，又臭又长。据说是在追求所谓的“内涵”？那恐怕我这种俗人真不懂得欣赏了。,negative
254,给了一个完美结局，故事确实太假，不过还是有点教育意义,negative
255,又是梦！捏气泡纸的桥段很妙。人总还是会被同一块石头绊倒。弯弯小清新好累,negative
256,回加飞机上百无聊赖看的片子之一，按快进按得我手都抽筋了,negative
257,导演的脑洞也穿越黑洞了。不明不白的变异，好像成了90'的烂片标志之一了。,negative
258,节奏太慢。开头觉得氛围很末日，看到后面则完全失去了耐心。,negative
259,女主角长得挺好看，但乳房太小了，情色戏摄影不到位。,negative
260,完全不可理喻的一集，各种想凸显高大上的没用展示，人物性格都完全出于混乱状。自娱自乐。,negative
261,我去 ！志愿军出场真的吓到了！！！！简直惊悚呀！！！,negative
262,又臭又长。神犬亮了 。本斯蒂勒和亚当桑德勒我永远分不清,negative
263,说实话，这绝对是一部粉丝电影。我猜上映后5分没有。,negative
264,要不是为了陈柏霖 我犯得着费那个时间嘛 王珞丹真是恶心,negative
265,部分情节还是能看滴，不然就一颗星了，业余,negative
266,武打动作实在太假，我就知道不能一看到三个能打的女孩就幻想有看霹雳娇娃的兴奋度。两颗星给她们的性感,negative
267,終於發現了一部自己看過的4。0以下的爛片,negative
268,前面鋪陳太久了，有點疲乏想睡，男的帥女的美，看看就好，因為一般人應該沒有那麼正義。,negative
269,画面那么好看那么文艺那么梦幻但是他妈逼这故事到底讲了啥！囧！完全没有看懂！,negative
270,私人订制下成这个 结果我还看完了，，实在是无语 没什么好说的了,negative
271,_(:з」∠)_ 看完会胃痉挛，别难为自己，人生已经够艰难了……,negative
272,不关你是抱着看料理的愿望还是励志，都会让你大失所望。打发时间的剧而已。,negative
273,狗血中带着治愈，妈妈的演技和结局都太生硬，但能重头看到尾两星半,negative
274,跟＜穆赫兰道＞差很多，看到一半，后面的剧情根本就不吸引我了，所以即使看到结尾，也觉得无聊。,negative
275,一场闹剧，又不好笑又无营养，菊花变成向日葵,negative
276,想展现女性的多元情欲和男主活好，就不要在性爱过程中以男性阴茎为中心，一点都没有说服力,negative
277,完全比不上第一部了，吴彦祖在里面气场全面下降,negative
278,看了这个，我真心觉得还珠格格拍的好深奥啊！！！,negative
279,凡出现脑残大本营里面任何一位的电影，必属烂片！！！,negative
280,极端自恋下浮躁、浅表、哗众取宠的叙事……,negative
281,对白太没营养 剧中女演员清一色的俗气 导演想表达的东西没有表达好,negative
282,这海报看起来怎么那么别扭？嗯？头大脖子短，小孩子的身体安个大人的头？,negative
283,大怪物都没出现就完了！还搞那么史诗的配乐！吓唬谁啊。,negative
284,戏剧化方式呈现的老年失意生活，剧作基本没有真正出彩的地方。★★,negative
285,猫头鹰的造型不算讨喜，剧情也比较俗套，男主鸟兄弟反目，很像太极张三丰里的君宝和天宝。,negative
286,剧中所有爱恨情仇都莫名其妙！只是，她流泪的样子很像她.,negative
287,标榜惊悚片，但真心太套路，而且气氛做的也不够，唯一亮点是超模女主，没了。。,negative
288,因为网上的小说比较火，因此下载了看，但很后悔！真的是烂片,negative
289,什么垃圾故事？你把我童年的美好回忆都给毁了,negative
290,知道你们喜欢黑暗，但是全程乌漆墨黑的让人都看不清画面，请问是想闹哪样,negative
291,特地来给圈钱的滥片打一星。。。幸亏没有我费曼和吴妈。。。,negative
292,这套路已经没有新意，玩烂了，片子难看得要死,negative
293,不知道讲的是个啥啊，唯一的看点终于看到一美对着比他矮的英国男星喷口水了。,negative
294,原来是和坎特伯雷故事一个导演，原来如此，实在看不下去,negative
295,等待一生的纯真感情、和妈妈在电影院看得略显无聊、只是刚刚去完鸟巢水立方可以温习下、,negative
296,编剧，导演都是傻的吗？全片没有任何逻辑可言！,negative
297,郑秀文老归老，气质超好的！两个那么好的演员要谨慎挑电影才行啊！,negative
298,女主的幻象写的太多了吧，结局就这样完了？比较无聊，情节不跌宕起伏,negative
299,已经俗套成流水账电影，该哭时就哭，演技的突破也无法为电影带来一点惊艳…,negative
300,对剧情真没啥想法，随便看看不要脑子记镜头,negative
301,续集不好拍，因为观众的期待值会很高。没有进步就是退步，在我看来几乎毫无笑点。就在第三集完了后解脱吧。,negative
302,除了凯瑟琳 其余没什么可看的～ 剧本很烂～,negative
303,能再幼稚点么……枉我喜欢赛车才来看的……结果赛车的元素也搞这么烂,negative
304,真是不知道你们在搞什么，王宝强的怎么会拍这种电影。,negative
305,1940年代的智利物质丰富到那种地步的话，您就别咸吃萝卜淡操心了,negative
306,夏天是电影中一只猫的名字，猫尾巴？自得其乐？没有看懂,negative
307,= =不知道为咩，总觉得玩具会动好恐怖啊。而且……眼神猥琐。←童趣已经死光光了。,negative
308,这部片子我感觉突出父亲的责任大于贫民窟黑帮的战斗了，不知所云。,negative
309,墨西哥电影？他们长得不太一样 思路也不太一样呢结尾怎么要经历不理解父亲才多年和好呢 ,negative
310,本来挺喜欢吴佩慈的，但是这部让我呕。。。,negative
311,整个片子传达的价值观都是狗屎。而且女主角那么丑，这种万人迷似的氛围好可怕……,negative
312,"太失望了,只能说这种根本就不配拍成电影出来卖,剧情松散味同嚼蜡,说是励志但明明阴暗面更多,太差了",negative
313,讲真，吸血鬼工作效率真能比活人高吗？还有，给吸血鬼发工资要发血浆吗？,negative
314,这种片竟然也能下到高清的。。之所以没给1星，纯粹是不明觉厉罢了。。,negative
315,多年以后，人们会在地球上发现外星人，会在宇宙中发现外星文明，会在时间裂缝中发现卓一航和练霓裳。,negative
316,主角不死无下限了，全片都在崩溃丫怎么还不死,negative
317,从开始一直哔哔哔哔到结尾，我是真的被催眠了,negative
318,本片真挺恶俗的，失望。唯独那老头吃着各种肉的时候说了一句：我们崇尚和追求自由，但是不能不真实。,negative
319,尼玛老郭就不能出个正常智商不脑残的影视剧，你就这么恨岳云鹏想他影视路走死跟你一块臭大街？,negative
320,海报让人以为是恐怖片，看完后发现是部让人有一种变态的爽感的悲剧,negative
321,没看过这么差的电影，加拿大在这方面好像一点也没得到美国的真传,negative
322,没劲，勉强看了30分钟，倒到最后看了个结局！,negative
323,能把一个爱自杀的诗人拍得这么无聊真是不简单,negative
324,台湾方言直接听不懂，笑点也没有，最后是模仿大木的《不能说的秘密》吗？,negative
325,桃花灿烂你还能再烂点吗？整个就是精神分裂 磨磨唧唧的不说明白谁跟你啊 没劲死了 烂烂烂,negative
326,蓝色是忧郁的颜色，片子演技有些过了，没看完，看不下去,negative
327,哎呀我真你妹！！！太特么恐怖了。。。我说的是电影烂的！！！后面打呼噜巨响那哥，我理解你！！！,negative
328,被自己吟的诗句扼住了呼吸的电影啊，周身毛孔里透着野生的匠气。,negative
329,"带着无限的想法去看,可到头来感觉不过是不断的通过预知未来来进行影片的叙述",negative
330,我觉得 这部戏应该可以拍的更好。导演不喜欢给人特写，什么都是草草扫过，尤其是大梦，简直是超级玩票,negative
331,我日，找了一万年的电影原来是这个。那段床戏印象很深刻,negative
332,恶心到底，不管是题材还是发展还是拍摄还是那藏不住光芒的人性光辉，恶心到底。真恶心,negative
333,2颗星是给画面还是比较接近梦工厂的，其他就算了，呵呵,negative
334,好莱坞流水线产品，屎尿屁和模式化都毫无新意。,negative
335,虽然不知道原著怎么画的 但是总感觉主角变成奈奈了 而且那个  市川由衣 长得也太丑了 还超做作,negative
336,本以为再差差不过上一部剧场版，看来是我太天真了……,negative
337,朝鲜电影能看出点意思，阿尔巴尼亚的看不出来，除了技术还比较好之外,negative
338,輸給慾望也要昇華成心靈頓悟嗎真是太虛偽了,negative
339,单挑外星人的警察，难怪在世界末日前那么淡定。,negative
340,我是冲着女主角来的。。说实话这电影，不好看，看完很后悔。,negative
341,没办法，人家也要挣钱养家糊口，拍个烂片也是可以理解的。,negative
342,跟续集一起看下来，音乐 镜头 才感觉经典。但是单独看这个老电影，也太费劲了。,negative
343,剧情和第一部几乎完全雷同，无脑欢乐的低成本喜剧。,negative
344,恶搞的挺没意思的~恶搞斯巴达克斯的那部就还挺好玩的啊..,negative
345,小四对校园霸凌的理解就和对奢侈品的理解一样肤浅,negative
346,整体没什么意思，只有少数几个冷笑话和游戏能让人短暂兴奋下。,negative
347,我能说实话不？这片最牛逼的地方就是配音阵容实在太豪华了,negative
348,主人公的絮絮叨叨似乎也就是文科文艺青年的水准,negative
349,看到一半实在看不下去了，我要是余怕怕，我比万强老婆先提出离婚,negative
350,把一对情侣看跑了之后，我与朋友们开了关于以后选电影责任分配制度大会。🤔🤔🤔,negative
351,特么看这么多电影第一次看睡着！还特么是带7人团刷，200多块啊~就当金盆洗手费了成不啊成龙大哥！,negative
352,看过彭丹的一期锵锵三人行访谈 真是对这种肤浅还装比的人无语 满口体制内的用语 跟成龙有一拼,negative
353,抛下偶像包袱，故意扮丑搞笑还是脱离不了烂片，不过精神可嘉！,negative
354,这犯罪片子手法也太那啥了吧，这女孩够狼心狗肺的。,negative
355,"居然可以比第一部无聊到飞起,也是给跪了...",negative
356,影片很一般，老腔“古风摇滚乐”很过瘾！女主漂亮，男主形象设计容易出戏……,negative
357,廉价真善美 真一叔是欠黑社会钱被逼着接这种戏吗,negative
358,竟然还有续作……完全没有想到！还是一样的难看！！,negative
359,差 演员长相本来就不讨喜 也没什么演技 剧本也差 ,negative
360,学农那会看的。。国产喜剧片优秀的毕竟凤毛麟角。,negative
361,怎么看都像是个一边拍，一边编的东西， 娜奥米·沃茨这条线白白浪费，整部片是个半成品，看完让人吐血。,negative
362,开篇斗舞还行，后面越来越无力……都不知道要看个啥,negative
363,真不知痴迷印度片的人什么玩意，整个模仿好莱坞的伪片把,negative
364,镜头晃得头晕，第一部因为镜头晃动而完全看不下去的电影。,negative
365,难看到可怕，科幻儿童迷你剧都不应该拍成这种水准,negative
366,不错的科幻电影...最后的搏斗还是相当逼真的。。剧情缩水.....,negative
367,看完了才发觉导演不是蔡明亮 浪费我时间( -᷅_-᷄ ),negative
368,狗咬狗黑吃黑的小成本电影，老实说偶没看明白跟军规一毛钱关系。拜翻译所赐，字幕也糟透了。,negative
369,"今年看过最烂的电影之一.只可以说,没有最烂,只有更烂",negative
370,小人物传记不是这么拍的。二十分钟就看不下去了。,negative
371,低配版波拉特，我真的完全不懂法国人的笑点。,negative
372,刻意，就显得不够了。悲伤电影，片名把结局都说清楚了，也就没什么好期待有多少悲情了,negative
373,主旋律不难吧。 不是反感主旋律。而是真的作为电影本身价值观和可看性就不足啊。,negative
374,欣赏不来，业余小偷变业余的高端人士再回去。,negative
375,看的那叫一个雷啊。。。95年嘛。。。厄。。。劳模不囧。。。,negative
376,好桑心...好桑心...好桑心......红内裤的梗是在天涯看屌丝文章学到的么？,negative
377,刘璇的体操动作一上来，顿时有种被雷劈中的感觉。,negative
378,明明下的是别的片结果下到了这货。。。什么玩意儿！,negative
379,我小时候就看这个片子了，现在凤凰卫视怎么没有了呢,negative
380,养眼的主演、优美的风景也抵不过粘稠的故事的杀伤力。看了二十分钟，弃。许秦豪近作真令人失望。,negative
381,没劲，老派日式风格底层人民自卫反击战系列。,negative
382,且逃且战，落井下石，比前两部女主上道儿，然而并没有什么卵用。,negative
383,本片仅背景音乐可取，看后无限循环权利的游戏片头。,negative
384,这电影不用看之前就可以打一星了。抄袭游戏现在还来抄袭剧场版。渣！,negative
385,风景特效好、数帧画面颇美，转场比较粗糙。,negative
386,20150326，真挺假的，导演也没拍出感觉…,negative
387,很烂，结尾只分析女人的问题，貌似很封建啊,negative
388,我发现我已经变成了什么样的小故事都能有触动我的点的烂俗博爱女屌丝。。,negative
389,故事真的没有一点儿新的点。编剧可是邱刚健啊……剪辑也挺二的，废戏太多。,negative
390,妈逼呀，有必要右边挂一排傻逼影志的豆列嘛！！！,negative
391,  开始看了很久都不知道为啥 女主角会不相信人 ，竟然最后才知道 ，不咋样儿啊真觉得。。,negative
392,剧情平庸，武打设计一般，赵文卓也没法演出多年前的那个黄飞鸿,negative
393,没啥看点，把简单的故事搞的不知道怎么说，如果这只是一部单纯的儿童片也不怎么令人看好,negative
394,剧组是穷得连灯光师都请不起了吗？好些段落伸手不见五指，这是让我们用意念强行脑补吗？,negative
395,剧本很有创意，是《少林足球》式的《喜剧之王》，但拍的实在不好，投资再多点，方能成大事。,negative
396,装逼的人正是因为逼都没有才要装 我讨厌的是他也喜欢库布里克并且自以为懂女人,negative
397,这情节拍成连续剧棒子就神作了。特效还不错。,negative
398,吃老本 炒冷饭 挠咯吱 硬煽情 喊口号真孤傲 假自嘲,negative
399,边玩手游边看 时不时抬起头瞅下剧情都丝毫不会影响观影体验。。因为实在是太平庸了。。,negative
400,多好的创意，粗制滥造给毁得一干二净，现在想翻拍都难了,negative
401,还好我看过《同桌的你》然后就对这种类型不太抱期待了，果然，就比同桌的你好那么一丢丢。,negative
402,女神从头到尾美哭，剧情极其扯淡。男主唧唧歪歪胡子拉碴，看到他们亲在一起简直痛心。,negative
403,我给两星是因为女主角的鼻子好看。电影总结出来就是四个字，剧情俗套。巫刚是药转型了嘛,negative
404,催人泪下总是容易的，可总觉得有什么东西被廉价的浪费了,negative
405,以前看的某人的剪辑版。。。嗯不是特别好看的恐怖片。。。,negative
406,哦，天哪，我看过这部片啊~张柏芝打扮的很精神但是吴镇宇超级猥琐,negative
407,哎，中国的动画片也就这水平！擦！！我进电影院看过最垃圾的。,negative
408,一部电影的最高境界大概就是主角在哭观众在笑了。可惜了这么多小鲜肉。,negative
409,相存相依的故事很暖 但作为一部电影真的不及格,negative
410,其实电影本身是可以看的 但是丑就没法看了,negative
411,为了说故事而说故事，一点也不美好。剪不断理还乱，明明知道最终的结局为什么还要一意孤行。,negative
412,英国独立电影的离经叛道调调，可是叛逆的又不够，只是背景设的讨巧了点，可是剧情却没有什么可以加分的地方,negative
413,20120907.我见过的最差的恶搞片，讽刺不算讽刺，搞笑吧，又实在不搞笑,negative
414,"冯绍峰你其实可以不北上,秦汉你其实你可以不南下.江南爱你们",negative
415,朕的童年啊。散场时发现在看的不是小孩就是奶奶，剩余的年轻人就是80后了吧,negative
416,豆瓣装逼们居然能给这么高的分，这要是国产的，能有2.0都是问题，太他妈雷人了,negative
417,情节硬伤 想抄袭点儿经典桥段又很生硬  故意感太强  连场景布置都那么不自然,negative
418,算是把泰国恐怖片中所有的烂元素全体现出来了,negative
419,这是看过的贝纳尔多·贝托鲁奇最难看的一部，冗长沉闷。,negative
420,什么玩意啊都是。我都不好意思说我看过这片。唉唉。虽然我大爱林志颖。。,negative
421,所以说根据这个作者小说改编的电影都要找一脸蛋疼相的男女主角吗？,negative
422,尼玛我竟然忍住看完了…这特效这剧情着人物这到底是什么破片。,negative
423,很有意思的视角，但是很无力的视觉表达方式，很难让人集中注意力看完全片。,negative
424,什么阵容啊这是，好几个配角演技都烂到爆，刘家辉演技也好差。台词也写得乱七八糟，祝你成功是什么鬼。,negative
425,各方面都十分的做作乏味 剧情不知所谓 角色感情完全不能让人信服 感觉编剧都不知道自己想表达什么,negative
426,反正就是，有钱有盐的男孩子，无论如何女孩子都爱，死心塌地的爱，无脑爱,negative
427,呃，看来这个叫石井隆的导演拍的电影基本都是这一类型的了。,negative
428,太做作，无喜感。狗在里面纯粹多余，白搭了一个噱头的名字。,negative
429,"觉得好违和只有我么,,,,,花音真可爱 然后没了,,,,,",negative
430,美女与野兽。。难看 单纯喜欢男主角的身材,negative
431,事实证明好多练武的人其实并没有拍出好功夫电影的能力！,negative
432,作为一个球迷，本应鼓励下足球题材的电影，但是这部真是不敢恭维！,negative
433,我能吐槽么，能吐槽么，能！~吐~槽~么~！,negative
434,现在想想我的高中和大学，怎么就没有电影里的这些热血和疯狂呢。,negative
435,我也不知道看了点什么，印象中付辛博演娘炮演得还不错。,negative
436,抄袭的片子还敢出续集，战斗名族胆子就是大,negative
437,貌似当时没看完… 快进几倍速的 整个都是恶搞,negative
438,片纸拍得很差，但是题材倒是挖掘得不错啊，天朝大地可以做文章的东西多了，不过有伟大的审查,negative
439,文艺片都是这样，用很多矫情的镜头来讲故事。,negative
440,说是女汉子，我却并没看出那个女汉子在哪儿，只是变相的一部青春偶像片罢了，可惜男主并不青春偶像,negative
441,受不了，一盆狗血泼过来，煽情手段无节操。为了加藤小雪和堀北真希勉强两颗星把。,negative
442,这部电影的意义何在？如果不是有黄宗泽……幸好是边玩游戏边看的，算了！2013.07.19,negative
443,原来大鱼只是宣传片儿~看来大侠也受神马心理学的影响啊~,negative
444,要想杀那个男的为什么要让他幸福那么久。。。。傻逼。。。。。,negative
445,重口的地方挺重口，无聊的地方也挺无聊。至于搞笑部分，全程如摆拍笑僵的脸，真的无法从心底里笑出来,negative
446,比那些粉丝电影还可怕，多一星支持题材吧。,negative
447,制作华丽的花架子果然不行啊 剧情人设台词什么的都弱爆了,negative
448,歌舞片真不是我的菜啊。。。除了新白娘子传奇,negative
449,除了明星多 外加像库普力克致敬的那个梗之外 别的基本一无是处,negative
450,不好看 剧情拖沓 但里面妹子还蛮漂亮的～,negative
451,很无聊，很无趣，我同学审美就是和我不一样，一边看一边还说真爽。,negative
452,看到微博上说的好片子但拍片少就去看看，然而并不好看，浪费时间😔😔😔😔,negative
453,韩剧的节奏，好拖沓，还有，看不了小孩子这么深情,negative
454,不算亮眼的探讨家庭关系的片子，在这方面导演还是多向山田洋次学学吧，怎样用合适的戏剧冲突来表达人物关系,negative
455,虽然想表达一个还不错的主题，但是表现手法太烂了,negative
456,想要问问66年生的小齐还有没有点追求，就拍出这样老套的剧情来糊弄人，难道灵魂还留在上世纪吗？,negative
457,空有现实皮毛的一出廉价的又破洞百出的苦情戏。,negative
458,勾魂性感美少女———邵音音，我信！林雪太豁的出去！！,negative
459,前半段还行，后半进入正常叙事后就一泻千里，一切都不搭调。火锅火锅，热辣麻的气氛完全没有。,negative
460,把“爱”和“占有”搞混了。。。画面很好看，但是情节太单薄了，拍摄狐狸一定很艰难,negative
461,毫无新意，毫无闪光点，毫无催泪点…表演？表情扭曲一下、愤怒咆哮一下就叫做表演好？呵呵。,negative
462,不懂我干嘛会去看，画面感很差，女猪脚很丑,negative
463,天了噜，本质骑士克拉克·肯特为爱走钢索惹,negative
464,老妈的平行心路历程，情怀至上，比起上部如走过场不够惊艳，梅姨仅是客串看头少很多。,negative
465,不知所云，还台词极少，而且配音痕迹重得无以附加。。可以当作塞外风景宣传片儿来看。。,negative
466,知道冯德伦为什么一夜白头了：可能这样才能显老才能配得上电影的老气横秋吧,negative
467,看了1/3觉得不对头，赶紧上豆瓣，果然是部浪费时间的电影……,negative
468,这种电影还能5.8分？？豆瓣怎么这么多傻逼呢？？？,negative
469,梦想无法照进现实，游戏与现实不可能相接。,negative
470,剧情很乱，强凑。女星也没有特点，鬼片不像鬼片，喜剧也有所欠缺。桥段也有点造作,negative
471,〖20180704〗拍的啥？？想表达啥？,negative
472,天啊终于看完了 不知道放些什么 太难看了 浪费了我甜茶,negative
473,抵赖精神+精神胜利法，跟日本人较劲看来是获得好口碑的最佳手段,negative
474,毫无契约精神 整部片子从郑秀文看到张孝全吃香肠开始跳崖式崩溃 我不是说前面好 嗯,negative
475,场面是武侠片，故事是黑暗童话，都是2毛5,negative
476,其实是烂片，多1星是为了给张含韵的这首歌,negative
477,除了知道这是纪念猪哥亮的片子以外，真心没有找到任何笑点和值得看的点，这真的是文化差异咩,negative
478,男女主角跟傻逼是的，完全没演技啊。最后一个镜头主角飞身开枪的镜头，完全是山寨抗日神剧嘛。,negative
479,一出戏毁掉一个好演员不难，难的是一出戏能毁掉全部的好演员。,negative
480,还是喜剧好，最后，是要告诉我们享受生活？,negative
481,大家都来评，让它没上映之前就恶评如潮，为无辜的观众节约时间和金钱,negative
482,剧情很烂，不过美指不错，推荐下，一般山寨一般雷~可以看下~,negative
483,还有比这配音更恶心的嘛？还有比左小青演技更拙略的嘛？,negative
484,题材被毁。跟全面回忆类似的题材。剧情脑残,negative
485,这个逻辑我还是不太明白。男主让人想起《孽子》里给小玉买衣服的老周。移民是社会乱源？,negative
486,看完的感觉吧，就是乱，文艺和细腻是有的，但如过眼云烟一般。,negative
487,一小时55分钟的电影，铺垫了40分钟，看不下去了,negative
488,能再无下限一点么？比起第一步居然少了激情戏，更是差评！,negative
489,把我看睡着的片子。你要是去计较剧情，那你就输了。,negative
490,作为一部电影它并不好看，但是李宗伟，一定值得人们尊敬。,negative
491,冯德伦不好好做演员当什么导演你对得起你妈么？,negative
492,不怎么喜欢陈乔恩，不过她确实变漂亮很多！,negative
493,小成本，小故事，不真实的中国版小鬼当家也算不上，嗯，什么都算不上，因为本子确实不怎么好,negative
494,尴尬元素大乱炖 鲍鲸鲸非常努力地证明了33天的成功一半是运气一半是演员 无比想念周冬雨…以及白百何,negative
495,仅仅中间插入的画风有点意思，并没有太吸引人的地方。,negative
496,看解说以为是很黄暴的电影，但既然是要在院线上映的，那也就没有看的必要了……,negative
497,可以打0分吗？实在是难看到无以复加，连马里奥的演技都甩他们几条街了。,negative
498,因为是烂片所以毫无感伤，这是最大的优点，一星给这个，另外一星给刘广宁,negative
499,意大利语配音，字幕还对不上。看了个一头雾水。,negative
500,原来在健忘村之前，王千源与舒淇已经暗生情愫了。,negative
501,这···各种戏谑，各种吊诡，看完之后反而不知道这是部什么片子了- -,positive
502,又是一个看过不知多少遍的哟 那个小朋友现在怎么样了哟,positive
503,打斗非常精彩，但剧情单一，吴京与向佐的表演很劲爆！,positive
504,味蕾无法证明真理的去向、真的看不懂、、但这就是上帝必须接受的现实,positive
505,虽然只是对一家人的特殊描写，也算是对整个历史的回顾吧,positive
506,我喜欢这样温情的外星人故事，异形怪兽什么都死去吧,positive
507,太好的片子了！ 要是有高清的就更好了~这是一部值得珍藏一生的电影~,positive
508,可能是吴千语最好的电影，但是剧情有点狗血~~估计也只能出现在上个世纪了。,positive
509,極好的題材，可惜導演太投入表演疏忽了全局。,positive
510,曾经我们恨的人，原谅他们。执手将来，我们都是胜利者。,positive
511,愚蠢的人类认不得神的样子，只在自己需要时急迫地呼唤祂。,positive
512,难得剧场版的水准不输多拉马版的，就算独立看还是能被深深感动一把。,positive
513,理查德波顿一开始演，感觉这部戏就被剪成滑铁卢了！没有雷克斯哈里森演得稳。,positive
514,运镜漂亮表演丰富。那时假以不利维护政府形象的借口国民政府强行停演了祥林嫂。如今。。,positive
515,看腻了海豹啥的，看看高卢鸡的伞兵换换口味也蛮好的,positive
516,人真是身不由己的，很多事在你无知觉时确实注定了,positive
517,小日本区区一部剧场版就把泱泱大国的电影比下去了,positive
518,比白头神探差不少，笑点不是那么的足，但是也够搞笑的了，真是无厘头的鼻祖。,positive
519,经典啊！我初中看电视播了片段就记忆深刻了,positive
520,不能保证每一天都完美，只能保证享受不完美的每一天。结局俗了。范爷演技真盖。。。,positive
521,可怜之人必有可恨之处啊，年轻姑娘根本不懂时间的险恶，让万恶的金钱和欲望的社会教教你吧,positive
522,寂寞哥和气质女似有还无却不得不说的故事……,positive
523,又灰暗又喜感，反正看完给我的正能量挺多的,positive
524,好的演员，可是没有好的剧情。生命掌握在自己的手里,positive
525,初中中午吃饭的时候看过。。。别名：发育王==,positive
526,应该是字幕出了问题，有些地方并没有看懂。找到好字幕再看一遍。,positive
527,一个活在自己世界的人，应该是孤独存在的。一旦搅入尘世，掀起一场悲剧难以避免。,positive
528,完结了好寂寞……再也看不到这对笨蛋情侣打情骂俏了…………………………,positive
529,致我们终将逝去的青春和曾经拥有过得爱情。,positive
530,节奏缓慢的电影，但是画面优美，角色表演细腻，别有情趣。,positive
531,印度的主流商业电影，不如印式英语有味道，不过也可以一看。,positive
532,脑子里一直有那条花裙子，干净的脸，深蓝色的海。,positive
533,剧情一般，但很喜欢里面的几首歌，都很好听,positive
534,完整的四十分钟的作品，构思独特，武打风格严密，超越新武侠，功夫时代的全面来临！,positive
535,（三星半）有些地方实在还是不错，战争部分不太喜欢。,positive
536,忘了名字，搜了半天，好不容易搜到了，真是不易，所以强烈推荐。,positive
537,励志轻喜剧，讲述男人中年危机的奋斗故事，看起来轻松也很有感触。,positive
538,终于明白为什么他们说美国人那虚伪的感情很讨厌了,positive
539,摄影风格 眉头那道疤 写完给玛丽的信，推门进去，恰玛丽纵身跃下,positive
540,看完之后唯一的想法的就是 给妈妈打一个电话,positive
541,拍的并没有太煽情，但也并不深刻，引人深思。,positive
542,虽然主旋律，但还是推荐！很感动！美景。美人。美歌！,positive
543,总感觉影片拍的不够完整，无论是结局还是其中的细节,positive
544,彼时的黛米·摩尔空灵得出神入化。看到阴阳两界的眷侣相拥，泪水渐湿眼眶。,positive
545,嗯，很喜欢这样的亲情电影。为什么哥哥的妻子一直不去医院看婆婆呢？弟弟很可爱，一家很可爱的人哇。,positive
546,女主真是尤物啊，结局被黑色幽默了一把，和整部片子的冷幽默基调一致，安娜卡列宁娜出场也是神来之笔哈哈,positive
547,成功实现零歌舞的同时，又让人可以通过一部电影改变对一个国家电影产业的看法，甚至是一个国家的看法,positive
548,改编了一些，但是小托比真的很可爱，所以四星吧。,positive
549,怎么有点像名侦探柯南呢，每个可怕的凶杀案背后都有一个凄美的故事。。。,positive
550,张智霖的情感好低沉又好深刻，华仔好矛盾，总之，那个年代，这种拍摄效果，一定是花了大价钱的啊！,positive
551,很喜欢这种风格~但是还是有写内容每太看懂。。。要是能有个随时都可以查的历史百科辞典就好了~呜~,positive
552,桃花片片，随水染尘埃。朝云暮雨，还向梦中来。,positive
553,略微煽情，但不狗血，拍出了那个年龄的迷茫和叛逆。不错的校园电影，青春片。,positive
554,几年前看的，看完之后挺久了才回神，第一次因为看了一部电影反思自己。是我心中电影的第一名～,positive
555,比前几部都好看 甚至还有点电锯惊魂的意思,positive
556,有爱的脱衣舞.有爱的哥哥.有爱的舅舅.除了爸爸.大家都有爱叻.,positive
557,笑死了，他灵感迸发的时候是无敌的。黄梁一梦的结局在那时候也许不是大俗套吧。,positive
558,哪里能找到这片啊？美妙的音乐，精彩的剪接，不知道现在再看还会有当年的感觉吗？,positive
559,让巴斯光年承认自己其实只是一个玩具，和告诉小朋友圣诞老人根本不存在，哪个更惨？#弥补童年空白系列#,positive
560,金凯瑞演神经病绝对出神入化~哈哈 可是我一点都没笑出来...,positive
561,多的一星给教练~~~~英语不懂，橄榄球又看不懂，还能把这电影坚持看完不容易,positive
562,刚到海边的屋子时，蓝毛在阳台望着海边站了很久。后来，画本上有了男主站在海边的图。被暖到了。,positive
563,我觉得要比《日照重庆》更，怎么说呢，朴实一点吧。,positive
564,有点魔幻风，男主很帅很舒服，比伯惊喜出现，赛琳娜有点胖了吧，剧情挺搞笑的,positive
565,第一次看达内...发现我还是很喜欢这种风格朴素的片子的。几次心情来回起落真打动人。,positive
566,这么少人看，太好看了，感觉霍克好孤独的一个小孩子,positive
567,西班牙男生非常可爱。给所有不定心的孩子们一个警示：陌生人危险，珍惜身边人。,positive
568,很有设计感，不同寻常的韩片，有南美实验之作的质感。,positive
569,我觉得比第一部要恐怖诶，而且剧情和时空设定都要更加精密，酒井法子真漂亮！,positive
570,如何去审视这个世界 这部影片值得一座小金人,positive
571,全程惊悚无尿点，小李子的演技真的一直被低估,positive
572,友谊也系阿狄对阿祖讲，我最有耐心的就系等你出来。,positive
573,反正我是看得哈哈大笑很开心啊，觉得比现在好多喜剧片好看~~~,positive
574,极其残酷的老阿。。。美丽的色彩和音乐之下 都是一个个心生绝望的故事,positive
575,故事可能真的很俗，但是有舞蹈成分作为弥补。。。,positive
576,对生活细节那么敏感的导演 是怎么想到找个越南妹来演中国人的呢 而且还那么土。。。,positive
577,没想到这么新这个电影。觉得配角比主角好呢。主角不太像丘吉尔的感觉。,positive
578,有点晦涩。宗教也好，哲学也罢，玛丽一生都在和符号打交道。,positive
579,精彩的剪辑、光影、镜头、音乐，同时电影所表现的原始暴力，让人赞叹不已。,positive
580,"有点想哭,不怎么为什么.可能和最近的心情有关",positive
581,文艺是平淡生活的致幻剂，因为怂，遇到什么样的姑娘也没用,positive
582,2009.3.22资料馆 星空，列车奔跑在白色原野上。默片一样的镜头，细无声。,positive
583,好看好看 演得太好了 难怪是宝莱坞第一男演员,positive
584,褒曼美到惨绝人寰，和秋日奏鸣曲里落差。。。,positive
585,金城武的演技是很好的，我以往只关注了他的帅气。这其实也是不大公平的。,positive
586,可爱纯良的春马，还是那么迷惘的小树，可爱的老头，那个特别的夏天因为你而改变,positive
587,治愈系的……虽然故事有点儿。。。但是，马利最高！,positive
588,总是要给它贴上青春的标签才会觉得没有遗憾。尼玛太文艺唠哎！,positive
589,小时候还看过画呢。感觉小象的生活很惨，我都害怕了。但是他还是活了下来。,positive
590,没看完，因为看过后面那版，主要是为了看小百合有多漂亮……,positive
591,非常有爱的电影，不过最近很少见到有重播的了。,positive
592,太多经典梗了，老电影节奏也很流畅，爱死梦露和白考尔！,positive
593,两部《棋王》衔接的天衣无缝，罗大佑的《爱人同志》锦上添花。,positive
594,这个电影挺好看的  不同年龄段的爱情故事  越往后越好看。黄昏恋那段我蛮喜欢的  影帝和天后的碰撞~,positive
595,少数民族与普世两大元素结合地恰到好处。松太加在创作方向上，非常清醒，这点太重要了。,positive
596,雷公的片子都是在探讨造物者和被造者的关系，最后的红海不比星际穿越弱,positive
597,躲这个片子躲了好久，终于明正典刑的看了。。。,positive
598,那首《沧海一声笑》真是太经典了，许冠杰完全破坏我心目中令狐冲形象,positive
599,数度落泪。画面非常美，故事非常美。中国电影佳作。,positive
600,个人挺喜欢这种类型的电影，觉得比超级英雄片好看,positive
601,确实净化心灵，无论社会带给你多少负能量，始终相信有正义的人与你同在。德不孤，必有邻。,positive
602,科恩兄弟玩转各种类型，用一众卡司致敬好莱坞黄金年代。服装摄影和故事设定的年代感非常强。,positive
603,真没想到，我的观影史里会有这么一部电影！,positive
604,看的时候很闷，闷着闷着震到了，现在忘了。,positive
605,爱能起死回生 把游戏和现实结合的过于神奇了吧,positive
606,话剧感觉。其实能算哲理片了。片中有许多大实话。男主又憨又自恋。看到片尾我也快爱上他了~,positive
607,很有意思的电影，立意很新颖，华英雄是亮点,positive
608,影戏传统的继承和创新。情节曲折，人物塑造饱满。歌曲渔光曲起到了叙事作用。对比蒙太奇。,positive
609,这部电影无关票房、无关风景、无关华丽的辞藻和宏大场面，只是寂寞的生命悄悄开出了一朵叫宽恕的花。,positive
610,很温馨。很美味喊爸爸的时候，心都要融化了。,positive
611,高中时曾经感动哭，几乎每首歌都重复听的电影，歌曲真的很好听！,positive
612,在韩国电影里算一般吧，不过不失，没有特别出彩的地方，但娱乐性也还可以,positive
613,黑白的电影里却充满生活的色彩 漂泊人可能看后会有所触动,positive
614,终于拍出了一部超越熔炉的电影，具有一定的现实意义，女性，人性。,positive
615,虽然感觉开头霍夫曼的表演有些过火，但越到后面就越好。,positive
616,=比较好的想象力~~最喜欢最后与外星人接触的那段,positive
617,没想到如此经典的一片子。很有张力，太牛了。,positive
618,一直被这个标题给迷惑，以为是讲香港部队的。,positive
619,79年的电影，纯洁的心灵，纯粹的精神。看腻了好莱坞和所谓的国产大片，再看这些老电影顿时觉得神清气爽。,positive
620,荒原里的冬青，澎湃静谧的大海，超越理法的烈火，人海中的明星。四个天才的故事。,positive
621,出人意料的结局，弄巧成拙的爱情陷阱。导演委实有才。,positive
622,最然看了觉得很压抑 而且越看越压抑 但是我觉得是一部好片子……关于爱与生活中的温暖。,positive
623,史蒂芬·斯皮尔伯格导演。胡比.戈德堡主演。片中的爵士乐不错。,positive
624,第一部认真看的俄罗斯电影，温馨下的暗流涌动，最让我印象深刻的是那美丽可爱天真无邪的女儿——娜迪亚。,positive
625,碎碎念，念出的是人生的很多面，最喜欢最后一个故事，很值得回味。,positive
626,上个世纪末的台湾电影，看得见，听得到，闻得着！,positive
627,看阿當的片子只用做一件事，那就是带着你傻傻的笑来！,positive
628,这部很好看的~~在歌舞类里面算是比较力量型的！,positive
629,穿透力好强，让人喘不过气来，叹为观止。居然还有一个闪耀影史级的结尾。,positive
630,迪斯尼疯狂彩蛋集合，粘人(男)朋友让人受不了，不干涉对方才让人各自欢喜🙅,positive
631,死基佬又来害我汤！爱马 我汤和二小姐统一战线了噜,positive
632,我认为是施瓦辛格除终结者以外最棒的电影～！,positive
633,根据二见钟情的定律 女主应该和一见钟情的弟弟才对==,positive
634,我想写下恶毒的评语，但片尾曲的双人舞让我不忍,positive
635,赞！活着，好好活着 有多艰难 多不容易啊,positive
636,特别喜欢的一部爱情电影 讲述故事的方式很温柔 那种在异乡的迷茫和彷徨感同身受,positive
637,简单好笑，对动画片要求不要太高太较真，别太追求合理性会更快乐，我来捡那个梗我很喜欢。,positive
638,有点神奇的电影，不过剧情很感人，看了很久了，改天重新看看，再来发表观后感～,positive
639,远方那棵被向往着的常青树 也只是塑料假树,positive
640,细节刻画的很好，很写实，很接地气，很有诚意，仿佛就是这些年发生在我们身上和我们身边的故事,positive
641,好不好看其实就是一个乐。不过动作导演确实是看过很多港产动作片,positive
642,真的是个还不错的文艺片，美中不足的是姜文，外形气质上有点不文艺,positive
643,"我很喜欢旧型机器人的那个故事, 关于丈夫为了妻子重塑信仰的温馨故事, 只是有点拖沓了 ",positive
644,这个变态如果生活在你身边，你恐怕很难知道他是变态。 ,positive
645,我觉得床戏是替身，君不见从头到尾都没有完整的裸露，蒙太奇手法而已,positive
646,活着就會發生很多辛苦的事，我們不可能每次都逃避。,positive
647,反应了残酷环境里边缘小人物的挣扎状态。。。。独立又文艺啊。。。整体还不错。,positive
648,看到最后一句台词的时候，眼泪水就哗哗地流了下来。。。,positive
649,我总相信不论经历有多坎坷，最后一切都会尘埃落定，迎来美好结局。一个人是这样，一个家族也是这样。,positive
650,裴宗玉强大！以前看澡堂的时候不知道是这么有名气的 最近看韩剧也刚好有她。打心底敬佩的演员,positive
651,昨天在电视里又看了一遍，大嘴这样的女友让人讨厌。,positive
652,大叔很温暖 女警员很温暖 老奶奶很温暖 表现的如此真实 喜欢那个白色晕开了的黑色背景,positive
653,寻枪只是线索，黑泽明关注的仍是战后的社会问题，以及底层人的苦痛。黑泽明越来越具大师相。,positive
654,哎~~小七也老了。没大看懂，只知道69很乱，但是历史事件，政治阵营啥的一点不知道~~,positive
655,不错的喜剧片，彭导真的厉害啊，这片子各种奇妙的构思。,positive
656,还是川端康成优胜过林芙美子啊！原节子也优于高峰秀子~,positive
657,故事很好，音乐很棒，男猪脚超帅，女的也有型  2011  02--,positive
658,一开始就知道结局，有点老套，但是很震撼，很无奈。由此可见家庭暴力对幼儿的身心危害有多大。,positive
659,战争的残酷，没有经历永远无法想象。。我希望永远不要体会到。,positive
660,十年前的险角，你是否和我一样，爱上那个诡计安,positive
661,温馨的底层市民生活感人至深，让我想起了小时候胡同里的生活,positive
662,"16年,你会么...这就是亲情,很让人感动...",positive
663,人类的第一次啊。不知在现实中能否实现?在何时发生？,positive
664,人生如此无奈，伯格曼如此人道！（看的电视版，中文字幕超赞）,positive
665,两个多小时讨论哲学问题。女主依旧是我女神榜第一,positive
666,精神层面的事情难免让人觉得有些无趣，但看到你我觉得很荣幸~,positive
667, 一美死的也太轻巧了吧!!!! 为什么就不能两个好基友幸福快乐的生活在一起!!!,positive
668,女主角很美，衣服很美，镜头很美，也不只是情色片,positive
669,爱国心作祟，不过说实话作为一部主旋律电影还是很不错的,positive
670,还蛮搞笑的，比较轻松，不像中国的同志片，总是凄凄惨惨的，偶尔来点小甜点，口味不错,positive
671,2005-12  韩国人追求着统一，侧面描写朝鲜人也是有着搞笑的一面,positive
672,狂恋，当一个导演爱上一个演员的时候，镜头里都是凝视的目光（彩色的纸巾和魔术）,positive
673,体育题材的励志片，燃点和泪点的确会比较多，在这么特殊的环境下，更是会让人感动。好看，但不值5分。,positive
674,适合涉世未深的看，模仿三部曲痕迹重，但时过境迁了，世界大环境已经改变了，不显得假吗？,positive
675,有些主张大于故事的嫌疑。最喜欢的是小人物时期的悲喜。,positive
676,一直都觉得，母亲的生活态度和性格可以深深地影响孩子们。我的麻麻也像剧中的母亲一般坚强乐观。,positive
677,今天，不，昨天中午13:45在电影院看的。的确震撼啊~第一个美人鱼出来的时候把我迷倒了……,positive
678,学习是一种习惯，不管在哪，不断学习，终有出头之日,positive
679,从监狱爱情来看世事沧桑，最终还是悲剧……,positive
680,相信天堂的存在很幸福，会无惧死亡，还会见到以你幻想的样子出现的上帝。,positive
681,1604，评分7.1分。第六届北京国际电影节第十五天卢米埃影城。非常喜欢这个故事，想要再看一遍原版。,positive
682,梦工厂十年前的作品，内容和技巧具有相当的高度，真挚的热情感人至深，各个方面在那个时代堪称完美。,positive
683,喜欢钟丽缇。我爱冯德伦！！！！！无论现在什么样子。毕竟当时看完亢奋好久，看了不下5边遍,positive
684,黑白在此时反而可以集中表现演员的张力。这个片子其实有社会主义倾向，不知道当时怎么过审查的。,positive
685,学校组织看的电影，那时真是完全掉进去了~~~,positive
686,蒙巴萨~~我他妈明天就要死了~我要珍惜今天！,positive
687,剧情老套但是拍的很精彩，几组长镜头运用的还是很震撼的，凯文贝肯又演了个帅大叔,positive
688,爱要大声说出来，国外的中国片，不过味道很足。,positive
689,一个有故事的理发师！正宗英式黑色幽默犯罪喜剧片！笑点和结局都是情理之中，意料之外。,positive
690,少女时代最喜欢的一部电影，怀念至今，尤其这部片子的刘德华，帅到爆炸,positive
691,开始还觉得有些《秋天奏鸣曲》，看了半天原来是《唐人街》。。。三位主角都很对胃口啊~~,positive
692,。。好吧，这两位我是先看的《骗中骗》。。。有情有义的两位劫匪。。做不了正义的人时代。。奈何。,positive
693,很不错啊，温情，韩国的电影制作也是精良的。振泰这个角色演的好，尹汝贞演的也好，李秉宪也不错。,positive
694,你成全了她，她却未必会落个好结果。这世界上任何结果都是不确定的，只有当下的勇敢和爱意是确定的。,positive
695,紧接着第一部看的，虽然不如第一部那么好，但看看也无妨。,positive
696,看过最好的时空旅行片之一，还有小小的爱情让人感动~,positive
697,片源极渣，喜爱很深。既有在世时，便有不在时，片名本身就饱含回望过去的追忆性质。,positive
698,有所感触的电影、真实的演技。梦想、欢笑与哭泣。还有就是珍惜你的好听觉,positive
699,每个人都有过梦想，电影是美好的、现实是残酷的。,positive
700,黑暗风格的完美造势 掩盖了当初特效的不足 话说每一个隐藏的男英雄背后都有一个半萌半傻的女朋友么,positive
701,六套看了后面半段，家庭成长剧，分数有点高。有儿子的建议找来看看,positive
702,如此安静。两个人面对刷牙，傻笑，居然真有导演能把这样的镜头拍进电影,positive
703,我居然没评分！小时候超喜欢这真人版！！！,positive
704,精巧的结构 完美的细节 恰到好处的色彩与音乐  大师就是大师,positive
705,哎，逃狱九人，荒唐人世/弑父与轼子的两位彼此成为了被需要着的人,positive
706,作为没看过漫画的人毫无责任的说  还不错~,positive
707,超过一半的纪录片式拍摄手法，把这个故事活生生地演绎出来，给人硬生生的一记耳光，疼的火辣。,positive
708,西方的东方主义色彩，摄影很美。如果你不往深处想，只当这是一段传奇，一个梦，会非常享受。,positive
709,阿莫多瓦现在低调了，但感情仍旧那么浓烈。。。,positive
710,埃贡妥妥的渣男，话说演埃贡的演员也太帅了，帅的让我流口水,positive
711,少女心泛滥，嗯，只要男主帅，剧情就是屎我也乐意看，更别说这部还拍的很细腻,positive
712,喜欢新酱的心未变，是暖心的，尽管有坏势力最终也会被正派所打败，一家人齐心协力,positive
713,各种扯各种尴尬，但是很好玩。仔细想想，女主对男主的执着很没有道理，看在很搞笑的份上给个五星。,positive
714,如果他们没有去看星星，那结局会不会不一样呢,positive
715,真心话大冒险，都是在借助魔术表现另一个面孔,positive
716,车站离别看得我好难受 成长也就是认清楚自己也认清楚现实并终于接受了自己接受了现实,positive
717,在生日这天靠在老公怀里看一部期待已久的电影的首映。简直。,positive
718,法国女人太美了，颧骨下的深深的印痕，有千姿百态的美，纯洁的天使、明亮的精灵、风流的天鹅、优雅的诗歌。,positive
719,男女愛慾的角力，屈服在欲望下的才是坦然面對自身的人。,positive
720,剧情是老套的，但是笑料十足，忐忑一曲真的很威武，相比去年的家有喜事，这部更有看头,positive
721,好友爱的同志电影，里面全是帅哥，让我又犯花痴的见一个爱一个！,positive
722,看德州北海时就很喜欢这个主角的味道，那个落寞的小眼神~~,positive
723,怎么元彬一会叫“哥哥”一会叫“弟弟”……是翻译的问题么？？？有点晕,positive
724,战争电影的放大作用实在太强了，看完震撼深深烙印在了心里，我要去看《现代启示录》再自虐一下,positive
725,美术馆观影月 剧情紧凑 导演和女主好评      共产主义被高端黑233,positive
726,挺深刻的一部纪录片，向老兵致敬，向人民子弟兵致敬,positive
727,哈哈哈迹部大爷！这真的不是打网球了 这是打神魔传啊！,positive
728,提琴配乐，凛冽画风，多时点叙事，人物过多，形象略显单薄，想象力还有提升空间，不能在短时间内抓人眼球。,positive
729,我看的第一部歌舞片，那种感觉是很难描述的，只有。。。震撼。原来电影也可以这样。,positive
730,如果没有那段和嫂嫂的奇怪恋情，也许本片纯纯的会使很多孩子喜欢上数学，喜欢上发现自然界规律的美,positive
731,因为此片，李秀明成为了我爸最喜欢的女星之一,positive
732,青春，永远写不完的诗篇。。五味杂陈。。。今年最佳韩影之一，强推。。。,positive
733,两个病友的奇遇，两个老戏骨的火花。不现实，但是很美很温情。,positive
734,一个摩根·弗里曼就足以称起全场。外加萝莉，和一条狗。,positive
735,青春就是跌跌撞撞，摸爬滚打还得擦干鼻子微笑前行。,positive
736,精神病学已经演变为一种宗教信仰，我们决定什么是对与错，我们区别谁疯没疯。,positive
737,说是贝尔的经典也不为过呀～当年刚上大学不就，和同学们一起看的，大呼过瘾,positive
738,朴实无华的情感只需娓娓道来，一样能产生共鸣。,positive
739,虽然片子极傻 可是萝莉和竞技体育的组合太有杀伤力了就哭不行了啊啊,positive
740,刚开始一般般，后面还是挺好看的，最后尔康的表情很可爱哈哈哈。,positive
741,爱人之间来不得半点儿虚伪，一旦开始，就覆水难收。,positive
742,一个普通的国民真的太无力，渺小了。在遭遇不公时，媒体网络比政府，法院管用，真是一种悲哀。,positive
743,主演眼熟的厉害，看完也没想起来。短发妹子太像闫妮了，秒出戏囧。,positive
744,这个小女孩太可爱了吧！错觉了！不过真得长得好像猫咪哦！,positive
745,好本子，好表演，可惜梅里尔斯特离谱阿姨伸出来给粉丝跪舔的脚比以前更臭了,positive
746,确实是部不可多得的传记电影，叙事手法很喜欢。,positive
747,看了某几条评论觉得豆瓣还是需要点漏功能啊！,positive
748,这部青春初恋的故事太让人感动了。当年青涩的陈柏霖，真诚自然的表演简直太迷人了。现在的他我看不下去了,positive
749,没有什么歧视黄种人，所有的世态炎凉，只是用来渲染爱情~结局处理的很真实，符合历史~,positive
750,后悔小时候没有完整看过，现在也没那个心了,positive
751,误打误撞看到的好看动画片，大家不要被翻译过来的烂片名迷惑了啊！,positive
752,世界看得精细，感情用的细腻。不适宜合家观赏、和谐气象春节。,positive
753,真实的人生已经如此艰难，还要看这么悲凉的电影……不说了睡会吧，凌晨我还要开工呢……,positive
754,不管什么片，情节很重要。推荐。因为情节好。,positive
755,吃吃喝喝，男欢女爱，黑白映像，对话密集，镜头切入，人生如此。,positive
756,动物为主嵌入上年懵懂爱情萌芽的温情喜剧片,positive
757,有些小细节很真实，虽然情节狗血了。林申演的李黑子不错。,positive
758,长大了看希望有个更委婉的结局 一定是我太苛刻了,positive
759,缪老师说 黑色幽默的背后探讨了权利...于是我又看了一遍,positive
760,比起坠入 稍显逊色 单丝想象力也很华丽丽 尤其指涉精神分析领域 对这样的片子天生缺乏免疫力,positive
761,看完心里很伤感，小孩子那些敏感的微小的感情，有时候也很复杂,positive
762,感情真挚，故事笑中带泪，年轻有梦就去闯！另外，李易峰好帅，演技好棒！,positive
763,生活不简单，谁不知道。生活很残忍，确实如此，生活会有希望，裂缝中的阳光。,positive
764,想想真是百思不得其解..拍出<天地雄心>那货的陈嘉上怎么可以拍出<逃学威龙>呢??????,positive
765,无论何时无论何地，从未停止过的情与欲的缠绵,positive
766,成长的道路没有捷径。该片表意明确，前中后对比明显。可以,positive
767,先评个分 有期待 我果然还是会被李易峰这种型的秒杀,positive
768,"几个配角的声优非常赞, 你们猜我最喜欢哪个?",positive
769,张达明.....唐季珊.......蔡楚生........也难怪阮玲玉要自杀.........,positive
770,如果你没有看过这部电影，就等于没有看过天使的样子。,positive
771,每天都在刷新不合格的下限。500多个小孩，各种肤色,positive
772,里面的“唱诗班”真的唱的好棒，有一种对上帝信仰的鼓舞作用。,positive
773,毛毛裤好可爱！估计最近看李狗嗨看多了，看到儿子被夺权的时候，好想让他去找李狗嗨啊！哈哈哈,positive
774,凶手你都高端了这么久了怎么就差那么一口气憋不住呢,positive
775,在那个年代很不错了，虽然表演的痕迹还很重。,positive
776,以爱的名义，打破国度的法律和人性的弱点。这部剧搞个插叙让人觉得无法接受,positive
777,一边看一边想起《应许的祈祷》。这一波好莱坞名流们死前是想留下多少密码。,positive
778,本身就是块被盖住的玉石 能够自己掀开它 就展示出了自己应有的价值,positive
779,谢耳朵不但是臀控居然还和人做爱了！！！！！,positive
780,长谷川大叔太可爱了，他死前我都在飞机上笑出声了。,positive
781,理工男的火星生存指南，文科生的星球孤独手册。,positive
782,又是种族相关的，有搞笑有感人，只是最后的中国人那段不大爽,positive
783,7、8左右偶然在深夜档看过英文版的，世界观差点毁掉,positive
784,觉得都挺好的，最后设定将军死了似乎没必要。。。,positive
785,很早以前看过打全五星的电影，路过打个分吧。,positive
786,挽留，那是挽留不住的吧，的吧。看卓文君和司马相如，看梅妃和李隆基,positive
787,怎么办？？又一部我觉得好看的电影得分这么低,positive
788,　　　雪橇、驯鹿、圣诞礼物才是圣诞节的传统呢，要想颠覆也请遵循这个原则哟,positive
789,两个人都让自己的人生回归了正轨，也算是皆大欢喜吧,positive
790,看到了一些今生都不会再看到的，又看到了每一天都能看到的。,positive
791,出乎意料的好，起码比得上国内所谓的大制作大片，演员演技也不错，女猪脚耐看，期待下部,positive
792,住在国际公寓太有意思了。多么想也做交换生~,positive
793,最喜欢的动画片就是大耳朵图图，喜欢他们一家人，挺好看的,positive
794,是困于殖民地，还是困于自我的意识之中？ 7.5分★★★☆,positive
795,老师啊，原来你给我看的是3不是1。不过毫无续集感诶。,positive
796,要不是吃醋的守林人，这根本就是和谐社会的典范了,positive
797,平靜但並不乏味的，如同真實的並不讓人厭煩的生活。,positive
798,如果不是那个破坏别人婚礼现场的糟糕的结尾，这其实是一部还不错的片子。,positive
799,还是动画片经典 ~仲间由纪惠讲话太硬了！还是萤火我喜欢！咳咳,positive
800,参考历史坐标，作为一部反战电影，编剧很棒,positive
801,人与狼的友情，以小男孩荒野求生为故事主线,positive
802,嘻嘻，可是豆子那么小，要演出气场来，还真是费力吧……,positive
803,。。。很有娱乐精神。。。不过貌似结局是：他们只是为了骗那个有钱人把土地捐给教堂吧。,positive
804,其实蛮有意思的~但是不晓得找的到片尾曲不~蛮搞笑的~花妈的嘴里经常哼哼的歌也蛮罗的~,positive
805,去年某天夜里趴在被子里看完  那首歌我听了好多遍  试图去喜欢那个真实世界里的姑娘,positive
806,自行车就是这么有魅力 不到终点我是不会放弃的,positive
807,虽然美式痕迹非常重，但是最近最舒服的国片就他了,positive
808,被各种影评一忽悠果然觉得毁三观崩下限，无节操的恶趣味，恐怖片版的东成西就的样子,positive
809,三位重量级的演员，一位重量级的导演，一部重量级的经典影片。此情只待追忆,positive
810,我还以为男主是夏雨哈哈哈好像  故事情节还不错,positive
811,剧本太赞了，警句不断，简练文雅。一切都那么精致考究，茶杯里的风波。,positive
812,很喜欢里面彭于晏和王珞丹这对情侣，很帅很漂亮很配，最感人的是他们的爱情,positive
813,值得深思，突然让人想去探索非洲那片神秘大地,positive
814,这集到最后看的好伤感，那个别针也好伤感，呜呜，伤感的波罗和我。。,positive
815,我说了所有的谎，你也都相信了，现在天亮了。,positive
816,我非常想知道，韩国人的身份证是没有照片的么？结婚也可以不用出示任何带照片的证件么？,positive
817,意识形态过重，但是战争下人民真的是苦。是主的惩罚吗？,positive
818,女主我大爱！！！！！《锦绣佳人》的可爱善良小茉莉！,positive
819,马里奥当年的青涩模样~艺术来源于生活，一切都好有泰国特色~,positive
820,老爸从我小的时候就说的电影，多年后有幸看了。,positive
821,竟然被最后库珀父爱满溢的眼神看的哭了，好吧还是挺好看的，虽然爱玛又开始神经质，虽然瑞秋基本打酱油,positive
822,在还记得之时分离，在忘记之前重新爱上，一样是幸福,positive
823,这里，动画不过是一种表现形式。反思与批判是它的理想。,positive
824,日本人特擅长这种温情丝带楼了，文化节的比赛超级强大，节奏好，两个多小时也不觉得拖沓,positive
825,情节衔接有诸多生硬之处，但挡不住讥刺世人世相太准，看了痛快解恨,positive
826,这部我觉得是冯小宁拍得最好的一部了！也是宁静与她前夫的定情作了吧,positive
827,未来是不是那么美  足够让我们如此奋不顾身,positive
828,玩着玩着就把互相给玩死了。。。还是应验了中国那句老话:穷寇莫追，🐰急了还咬人呢,positive
829,小时候在四平电影院跟姑姑一起看的~我很害怕这类电影~很怕死。。。,positive
830,暴徒般的疯狂与隐士般得恬静相融合，如此反常规的生活状态，只可意会不可言传,positive
831,坎坷奇遇的人生注定了坎坷奇遇的人生 继续走下去~理查德,positive
832,ʕ•̫͡•ʕ*̫͡*ʕ•͓͡•ʔ-̫͡-ʕ•̫͡•ʔ*̫͡*ʔ-̫͡-ʔ，打卡。,positive
833,其实越看觉得人性越可怕.....黑暗的地窖....3年多....,positive
834,前半个小时没看，女主角的彪悍完全震撼到我了，突然觉得女人自我保护的能力太重要了,positive
835,剧本不错，，具备了一个侦探故事的众多优良元素，只是主人公魅力不够。。。,positive
836,剧本太好了，关键是每个演员都在给电影加分。再厉害的剧本没有好演员也是不行的……,positive
837,偶然看过，印象超深刻。那么无厘头的死路一条……,positive
838,"早期的成龙电影真的很好看,有搞笑有打斗,还有美女,看的挺开心~",positive
839,巧克力很诱人，其实是真的，看转盘，看一个人看到的画面，投射心理学，可以分析一个人心理的,positive
840,我曾经幼稚的以为自己能够掌握自己的命运，现在我才知道，生活是一个等待着鲜花的花瓶。,positive
841,超萌的片。伍迪艾伦伍迪艾伦伍迪艾伦伍迪艾伦伍迪艾伦伍迪艾伦啊啊啊啊,positive
842,想到了大理~~有种想旅游的冲动~旅行中收获的爱情~,positive
843,迈克尔贝就是火爆！很过瘾，和第一部各有千秋，不过开场飙车那场戏绝对是影史经典,positive
844,不造为毛，看这个，脑袋里响起了苏有朋的背包,positive
845,女主角很眼熟，差点成为明星。还是朋友可靠，天下没有免费的午餐！,positive
846,所有有关慈禧的影视作品都会提到咸丰留给慈安一道可以控制慈禧的密旨。但是，咸丰自己干嘛不办了这妖女。,positive
847,开头的一段卖肉，英明荷尔蒙爆发。难免有，这才人男人的感慨,positive
848,再看一遍还是给四颗星推荐，只能说青春的魅力总能让人情不自禁,positive
849,陪小朋友一起看童话，自行车飞起来的时候我也跟他一样发出惊叹的声音，感觉自己还是年轻的。。。好吧,positive
850,很舒服的一部电影，赚取了我的眼泪，那个孩子的声音真好听,positive
851,颠倒的人生体验充满奇幻色彩。老妇牵着呀呀学步的孩童令人动容。,positive
852,刮胡刀会有的 冰箱会有的 面包会有的 汽车会有的 房子会有的 我会和你们一样,positive
853,大约二十年前在学校看过露天电影。二十年后再看，还是感觉很温情，很清新。不象现在的失忆片那么晦涩。,positive
854,人的原始存在状态是匮乏。并不是你占据了我的心，而是你填补了我的心。,positive
855,我特别喜欢美国五六十年代的老片，情节直接制作精良，还有梦露这样的绝世明星。。。,positive
856,今年完成度还不错的国产片，内核和《你的名字》很像。结尾稍微有点着急。,positive
857,媒介寓言。这部讽刺力度大很多，笑料也更加巧妙。,positive
858,其实我不喜欢拉塞尔克劳的小窄肩 但是最后的麦田美轮美奂 英雄主义,positive
859,老高看完此片，付之一笑，“我长得像秦昊？屁！我明明长得像妻夫木聪！”,positive
860,逆袭，品酒故事新奇，令人同情的犯罪模式，又一部英式小清新。,positive
861,这个真的好很喜欢，绚烂的色彩，悠扬的口哨，我会再看一遍的,positive
862,她没有对牢房里的父亲说再见，因为她知道他们不会再见了。,positive
863,怎么说呢，没看过原著，就觉得这蒙太奇看不明白。,positive
864,和《濑户内海》的结构风格非常相似，两位圣人全程冷笑话&鸡汤，最主要还是日本旅游宣传吧,positive
865,80年代末期的作品，那时候的乌玛瑟曼真漂亮,positive
866,气氛渲染到位，结局上有一点点的意外，细节处理还算细腻,positive
867,这片子需要极大的耐性 导演当时在和老婆闹离婚 于是乎女主吵架吵得我头疼 这片子真的可以删减一部分 ,positive
868,太阳升起，又是浪荡无常的一天，这是失败者的游戏。（成就了最年轻的青龙影帝和一对好基友）,positive
869,细节真的很可爱 那只小奶黑猫超级！可爱！体态可爱到想养一只,positive
870,看着自己最亲的人承受病痛还真是煎熬到死。不过我还是佩服那些选择亲手把亲人送去极乐的人的勇气。,positive
871,笑中带泪的大师之作。片中处处透露出来的老龄晚景，就是我们的明天，就是我啊,positive
872,这个故事告诉我们，贼可以爱上贼，但贵妇却不行～,positive
873,孤立无援的母爱爆发！即使是错误的也值得原谅！,positive
874,这个老头子。。哈哈。。故事没看出深刻，只是觉得挺好玩的。。,positive
875,我建议每一个有志于从医的人，来看看《红胡子》，那是人世疾苦中医生魂的最高典范。,positive
876,陈远良大师的后后现代主义洛神风新浪潮奠基者，膜拜。,positive
877,我觉得它很深刻，很讽刺。但是我还没看透，留一星给自己。,positive
878,悬念设置不错，就是演员除了袁咏仪都感觉差了那么一点点火候,positive
879,小清新，女主挺好看的，哭死我了····没想到这么老套的故事也有看点···,positive
880,八十年代吉光片羽的映像，八十年代，前现代与现代的过度年代，留下一长串回不去的伤感,positive
881,人为什么活着？ 活着有意思吗？ 什么是真正的快乐？ ,positive
882,挺好的，虽然外人眼里混得不咋的，却还是那么开心，因为有友情，有温暖，有快乐,positive
883,不知为何偏偏记住无关的话语“她上了毒瘾，我上了她瘾”。,positive
884,有些段落非常精彩，但整体是很有距离感的，却正暗合了影片讽刺的主题,positive
885,我觉得“处”是非常深刻的，虽然没有看出这部电影好在哪里，但有必要去用心体会。,positive
886,竟然会喜欢这样的片子，“我只想带她去喝杯咖啡”,positive
887,报复一个伤害女人的男人的最好方法，就是把他也变成女人。,positive
888,即便有一天，你记起了当初的承诺，也请把我忘了。,positive
889,看完后买了一件长纱罩一套水溶笔一本素描纸,positive
890,姜文、徐帆、陈佩斯的声音真不错！剧情也很有趣，和平年代我们不需要超人的设定十分讽刺有趣,positive
891,“将军拔剑南天起，我做长风绕战旗”——怎奈七尺之躯，已许国，难再许卿！,positive
892,红衣红鞋的萝莉，心智纯净的少年，一切很美好,positive
893,凯凯王的蓝毛哈哈哈哈哈哈哈哈哈哈哈哈哈哈哈,positive
894,这片没出现在各种华语十佳五十佳百佳的榜单里 简直不可思议,positive
895,电影本身很一般 但我看了几遍 每次看都会被感动,positive
896,表姐演技值得奥斯卡 但是剧本太坑爹 跌宕起伏突兀的仿佛过家家····,positive
897,影片的结局太虚幻，少了那么些真实性。看到郭采洁回到原先小森女的感觉，还不错。,positive
898,色彩饱满，非洲口音萌萌哒，结尾那个无厘头的终点根本不是终点好吗！,positive
899,太爆笑了!!! 也可看見日本搞笑藝人心酸的縮影~,positive
900,！！！小时候干嘛看这么多恐怖的东西啊！！,positive
901,是因为女主的美丽还是男主的可爱？总之，这部剧让我体验到了心动的感觉。里面的音乐也好动人！,positive
902,浪子回头金不换，能让浪子回头的是一个温暖的家。,positive
903,3.5/5 故事性差了一点，音乐本身不错，看多了美国动画，欧洲动画总觉得让人耳目一新。 ,positive
904,总有那么一些小众的电影 惊艳了时光 历久弥坚,positive
905,真有这样的游戏我还蛮敢玩的，来呀，互相伤害啊。 看了一下上映日期在居然情人节前夕……,positive
906,"一段横跨了3个世纪,5个国家,包括中国的音乐传奇.",positive
907,文学老师推荐说这个版本最接近原著，喜欢美丽正义坚强的苔丝~,positive
908,感情真实不做作，小孩子想法很多，成熟又不世故，三观比可悲的大人有意思多了,positive
909,每次看阿莫多瓦的电影我都觉得他是个天才加变态，当然，是我喜欢的那种变态。,positive
910,深深的感情，纯真的吻，问问自己，迷失多少个青年时代的梦,positive
911,拉博夫的身高让他只能演小弟啊，后半部分完全是他的演出时间，很棒。,positive
912,张静初就是适合演疯子，智障，瘾君子，小三这类边缘,positive
913,可惜我是20多年后看的，感觉应该没有80年代人看的兴奋,positive
914,哪怕放在现在过了20多年看，里面对新闻业的讽刺依然适用啊,positive
915,冷静，流畅，严密，精巧，没一丝做作，堪称经典。,positive
916,画面感很强，喜欢范爷和孙爷，都是气质型^_^,positive
917,世事沉浮，聚时欢，离时伤。一生彷徨，梦醒时分，已然领悟，命运无常。,positive
918,无聊，想的太简单了，独裁者嗯霸气一点都没有，比如说为了最终胜利，死一半人又咋样,positive
919,爱情童话。高颜值。设定也是少女心。比起德国版，这个真的是童话啦。砰砰砰,positive
920,生猛深情温柔又残忍。英伦出品，凯特出演，哈代原著，英俊男猪。岂止佳品。,positive
921,为祖国而牺牲小家的女子，剧情普通，但演绎极好。,positive
922,什么时候中国内地也有这样出彩的警匪片呢，以前的香港警匪片也挺好看，但是最近几年比较少了,positive
923,如果不是他的题材还有原声，我会选择一星......,positive
924,信息量巨大，一个钟头的片子所使用的旁白比其他两个钟头片子的台词还多，镜头也比正常的片子镜头要多出很多,positive
925,能不能让他们都再活久一点，能不能让他们早些相爱......这样的结局太悲了。,positive
926,1颗星给杨林，一颗星給高捷，2颗星给音乐，超好听,positive
927,啊啊啊啊啊啊啊啊我也要漫天的汉堡啊！！！！,positive
928,所有的一切不过只是一场电视真人秀 看完 散场 因为再惨烈 都不过是别人的人生,positive
929,刚上映就去看了，很好笑哈哈哈哈哈哈，朋友说这差不多是个喜剧片,positive
930,个位数的年纪时，看过最大气最有想象力的电影,positive
931,"你好好睡,我好好读书.等你醒了我们聊柏拉图.",positive
932,每到夏天就会想起这部电影，好喜欢那样的夏天，什么时候可以去实现？,positive
933,很久以前 在一辆长途客车上看的 至今还是印象深刻 补遗,positive
934,我总想遇到一个如此夸张的她，却总怕麻烦怠慢。,positive
935,多年前看的，觉得很好看，不过不知现在再看，还会不会觉得好看。,positive
936,挺喜欢黄真真的。电影中的若干情节跳跃，会让一部分观众看不懂，但一定还是会有人感同身受。,positive
937,我喜欢保龄球道上那场戏！我想跳舞，不想被你看见。,positive
938,对于一直看汤姆和杰瑞的粉丝来说，是一种怀念，太怀念。,positive
939,“十里洋场霓虹灯光闪闪亮，大饼油条混沌豆浆喷喷香 ……”再听到这首主题曲时我居然想哭……,positive
940,不喜欢话痨可是所谈论的东西既不是揭露也不是建构。那是什么呢。如果我跟你说我只是发发牢骚你会听吗。,positive
941,前面大半真得非常有力 后面流俗 结尾字幕都15分钟 看来导演真是抗不住了,positive
942,侯麦的电影每一帧都好像油画！所有人物的行为模式和相处方式都好妙！,positive
943,土耳其大牛锡兰，2006年嘎纳费比西国际影评人奖,positive
944,他们真的只是想有人陪陪他们，让他们不要那么孤独，要求并不高，为什么我们不能做到！？,positive
945,杨的处女作，已露锋芒。可窥视其后作品的一条主线，人物心理百态。,positive
946,三星半，为冲突而冲突，太刻意了，简直都不像韩国片了。,positive
947,松顿的成名作，剧本卖了上千万。多亏了鲍勃和哈维两兄弟,positive
948,《喊山》宣传片看起来真的不错，国产良心剧作。上影节的获奖作品，值得一看。,positive
949,就像一个人遇到一个好的老师，一个人有这样的幸运，便是一辈子的幸运,positive
950,非常好的法国小制作，结尾处老汤姆那首歌把我感动的屁滚尿流,positive
951,剧本的双重反转也出色，只可惜演员的演技上线,positive
952,为什么那时候的车戏看起来那么逼真，现在电视剧里车上的玻璃外面明显是贴的纸,positive
953,不喜欢女主角，觉得她的表情很奇怪，终于知道这个皮特兔的由来了,positive
954,打不完的子弹，打不死的人，可是却那么经典，那么好看。少时“男人”对枪对暴力的心态的初级认识。,positive
955,圣诞小镇好美，处处洋溢着少女心！剧情很有卑鄙的我的影子，电影细节满分！,positive
956,韩国黑帮片能拍成这样，审查制度的开放功不可没啊。,positive
957,这个似病态又变态的社会，缺失了太多东西，邪恶的笑脸背后是一颗脆弱的心~,positive
958,扎实，完整，血腥的犯罪片。女孩子还是别看了。,positive
959,隐形最深是刘德华饮毒酒那一幕，早知是死，万死不辞。,positive
960,2008；女猪后来咋没音儿了捏？要颜有颜 要身段有身段 口惜！,positive
961,很感人，自己孩子被拐，郝蕾和黄渤演绎的很到位，最可悲的就是赵薇的那个角色了，真的好可怜啊。,positive
962,走到世界尽头，逃避的只有家。我的第一部小津，仰拍的固定镜头，真实地有些残酷的不完整的家庭。,positive
963,奥黛丽赫本少有的沉静 看完甜姐儿过来 反差好大 演技有进步了,positive
964,这无限具体的影像却给出了非常奇妙广袤的空间感，看完之后做了无法言说的怪梦。,positive
965,好色却又专一，胆小却又勇敢，冲动却又冷静，山鸡，赵山河。,positive
966,可以说是非常史诗了，一个人的命运啊，当然要靠自我奋斗，但是也要考虑到历史的进程,positive
967,看标题好文艺，谁知内容多逗比╮(╯▽╰)╭人设画风好赞！,positive
968,缺乏沟通，不仅两个相爱的人错过，四个人的人生也发生改变。,positive
969,画面精美，伦理、宗教、社会冲突都有表现，还是很不错的！,positive
970,在中国早期电影史中绝对算是气质诡谲的异数。片头字幕浪淘沙，荒岛绝地的推拉横移镜头相结合。,positive
971,真的很不错，让人想起平民窟的百万富翁，是一部没有失败者的励志电影，结局很好，很圆满！,positive
972,我们把生命驻足的地方搞得一团糟，只能在长途的漫步中期待美好。,positive
973,"半夜和姨媽表弟一起看,電影還是大家一起看才好看.藍邱好厲害,兩個朋友是阿傻中的阿傻,但是好可愛!",positive
974,真实的日本，看过的人都不想去日本了吧，这宣传片啊，哈哈！,positive
975,风趣幽默，美式搞笑，雪景漂亮，故事一般，狗狗都很萌，很可爱。,positive
976,台湾的黄金时代，一开始对柯一正真是恨的不得了。还好最后女人的命运由自己选择。,positive
977,就像很多外国佬失恋的时候喜欢一遍又一遍看辣身舞一样，我觉得丧的时候就看上一遍这个。。。,positive
978,我萱的英音真好听啊！！！但是我觉得原版应该更好看？,positive
979,时而悲恸，时而欢腾；时而坚定，时而支离；囿于现世，为情所困。,positive
980,这货就没导过一部好戏。科幻清新这些只不过就是一些噱头。泰烂！,positive
981,都是催泪片，甩出大地震几条街了，真是的。。。,positive
982,感受到的远远胜过了可以解读的，细腻又真实。很喜欢小儿子的文风，感觉有点像杰西，可以让人暂时忘掉矛盾,positive
983,人性，家庭。还是看完令人深思的影片。试想自己如遇这种情况，会是怎样对待呢？,positive
984,两个孤独的人即使互相拥抱都无法化解彼此的悲伤 孤独是需要独自咀嚼的情绪  ,positive
985,情感流畅自然，没有理解障碍。亮瞎眼的男主表白是意料之中，但是可爱糟老头听着听着就死了却是意料之外。,positive
986,主要是不喜欢周星驰居然不是由石斑鱼配音！！,positive
987,自我认同与对他人的认同。种族歧视太可怕了，堪比大屠杀。,positive
988,好男人就是，在包容你心思出轨的同时，还帮你收拾你闯出来的一切残局。,positive
989,不禁想到自己非常非常年迈时会怎样看待所谓生命的意义和这一生的旅程，是否还有力量改变，或者释然的一笑。,positive
990,标新立异，创意十足，97年就能拍出这样的片子，赞叹~豆瓣的评分实在太低了！！,positive
991,很是精彩，还记得那有韵律的“嗯哼，嗯哼，嗯哼嗯哼嗯哼~”,positive
992,很喜欢哥哥。至于小埋，虽然看着挺萌的，但是我是绝对不会想要这种妹妹的。,positive
993,终于看完了粤语版，这么多名人的客串，真正的又看到了香港精神，只是现在的电影里很难看到了。。,positive
994,动作囧死了，不过提出了我很久以前就想说的一点：把人都杀光了不就再也没有霍拉降临了吗,positive
995,特别舒心的电影，被里面的剧情、音乐感动到了，里面的人都很有爱啊 就是女主不好看。。。,positive
996,其实挺感人的，演员真心挺棒的，没有那种假惺惺的东西。,positive
997,神秘学。漂浮的睡美人。末日。老塔的伯格曼情结。,positive
998,归亚蕾真是风情万种，但作为女主角，戏份实在不能算多。,positive
999,上课的时候老师放，重新回忆了一遍童年呀。校园生活应该是这么青春活力的啊。师生关系也可以再反思。,positive
1000,从音乐到声音到画面到感觉到创意……不能更好,positive
